{"format_version":"1.21.6","credit":"By Ewan Howell","textures":{"3":"entity/projectiles/arrow","particle":"#3"},"elements":[{"from":[-2.24264,5.5,8.5],"to":[13.75736,10.5,8.51],"rotation":{"angle":45,"axis":"x","origin":[8,8,8.6]},"faces":{"north":{"uv":[0,0,8,2.5],"texture":"#3"},"south":{"uv":[8,0,0,2.5],"texture":"#3"}}},{"from":[-2.24264,8,6],"to":[13.75736,8.01,11],"rotation":{"angle":45,"axis":"x","origin":[8,8,8.6]},"faces":{"up":{"uv":[8,2.5,0,0],"texture":"#3"},"down":{"uv":[0,0,8,2.5],"rotation":180,"texture":"#3"}}},{"from":[12.75736,5.5,6],"to":[12.76736,10.5,11],"rotation":{"angle":45,"axis":"x","origin":[8,8,8.6]},"faces":{"east":{"uv":[2.5,2.5,0,5],"texture":"#3"},"west":{"uv":[0,2.5,2.5,5],"texture":"#3"}}}],"gui_light":"front","display":{"thirdperson_righthand":{"rotation":[-90,0,-110],"translation":[3,0.1,-2.5],"scale":[0.9,0.9,0.9]},"thirdperson_lefthand":{"rotation":[-90,0,80],"translation":[1,0.1,-3],"scale":[0.9,0.9,0.9]},"firstperson_righthand":{"rotation":[-90,0,-105],"translation":[2.13,3.2,1.13],"scale":[0.68,0.68,0.68]},"firstperson_lefthand":{"rotation":[-90,0,85],"translation":[0.13,3.2,1.13],"scale":[0.68,0.68,0.68]},"ground":{"rotation":[0,0,-50],"translation":[0.7,2.7,0],"scale":[0.5,0.5,0.5]},"head":{"rotation":[0,-180,-50],"translation":[-0.7,15.2,6]},"fixed":{"rotation":[0,-180,-50],"translation":[-0.7,0.7,-1]}}}