{"format_version":"1.21.6","credit":"By Ewan Howell","textures":{"1":"item/better_bows/tipped_arrow_tip","3":"item/better_bows/tipped_arrow","particle":"item/better_bows/tipped_arrow_tip"},"elements":[{"from":[-2.24264,5.5,8.5],"to":[13.75736,10.5,8.51],"rotation":{"angle":45,"axis":"x","origin":[8,8,8.6]},"faces":{"north":{"uv":[0,0,16,5],"texture":"#3"},"south":{"uv":[16,0,0,5],"texture":"#3"}}},{"from":[-2.24264,8,6],"to":[13.75736,8.01,11],"rotation":{"angle":45,"axis":"x","origin":[8,8,8.6]},"faces":{"up":{"uv":[16,5,0,0],"texture":"#3"},"down":{"uv":[0,0,16,5],"rotation":180,"texture":"#3"}}},{"from":[12.75736,5.5,6],"to":[12.76736,10.5,11],"rotation":{"angle":45,"axis":"x","origin":[8,8,8.6]},"faces":{"east":{"uv":[5,5,0,10],"texture":"#3"},"west":{"uv":[0,5,5,10],"texture":"#3"}}},{"from":[-2.24264,5.5,8.5],"to":[13.75736,10.5,8.51],"rotation":{"angle":45,"axis":"x","origin":[8,8,8.6]},"faces":{"north":{"uv":[0,0,16,5],"texture":"#1","tintindex":0},"south":{"uv":[16,0,0,5],"texture":"#1","tintindex":0}}},{"from":[-2.24264,8,6],"to":[13.75736,8.01,11],"rotation":{"angle":45,"axis":"x","origin":[8,8,8.6]},"faces":{"up":{"uv":[16,5,0,0],"texture":"#1","tintindex":0},"down":{"uv":[0,0,16,5],"rotation":180,"texture":"#1","tintindex":0}}},{"from":[12.75736,5.5,6],"to":[12.76736,10.5,11],"rotation":{"angle":45,"axis":"x","origin":[8,8,8.6]},"faces":{"east":{"uv":[5,5,0,10],"texture":"#1","tintindex":0},"west":{"uv":[0,5,5,10],"texture":"#1","tintindex":0}}}],"gui_light":"front","display":{"thirdperson_righthand":{"rotation":[-90,0,-100],"translation":[1,0.1,-3],"scale":[0.9,0.9,0.9]},"thirdperson_lefthand":{"rotation":[-90,0,70],"translation":[3,0.1,-2.5],"scale":[0.9,0.9,0.9]},"firstperson_righthand":{"rotation":[-90,0,-95],"translation":[0.13,3.2,1.13],"scale":[0.68,0.68,0.68]},"firstperson_lefthand":{"rotation":[-90,0,75],"translation":[2.13,3.2,1.13],"scale":[0.68,0.68,0.68]},"ground":{"rotation":[0,0,-40],"translation":[-0.7,1.3,0],"scale":[0.5,0.5,0.5]},"head":{"rotation":[0,-180,-40],"translation":[0.7,13.8,6]},"fixed":{"rotation":[0,-180,-40],"translation":[0.7,-0.7,-1]}}}