{"model":{"type":"select","property":"display_context","cases":[{"when":"gui","model":{"type":"condition","on_false":{"type":"model","model":"item/bow"},"on_true":{"type":"range_dispatch","entries":[{"model":{"type":"model","model":"item/bow_pulling_1"},"threshold":0.65},{"model":{"type":"model","model":"item/bow_pulling_2"},"threshold":0.9}],"fallback":{"type":"model","model":"item/bow_pulling_0"},"property":"use_duration","scale":0.05},"property":"using_item"}}],"fallback":{"type":"condition","on_false":{"type":"model","model":"item/better_bows/bow"},"on_true":{"type":"range_dispatch","entries":[{"model":{"type":"model","model":"item/better_bows/bow_pulling_1"},"threshold":0.65},{"model":{"type":"model","model":"item/better_bows/bow_pulling_2"},"threshold":0.9}],"fallback":{"type":"model","model":"item/better_bows/bow_pulling_0"},"property":"use_duration","scale":0.05},"property":"using_item"}}}