{"model":{"type":"select","property":"display_context","cases":[{"when":"gui","model":{"type":"select","property":"charge_type","cases":[{"when":"arrow","model":{"type":"select","property":"component","component":"charged_projectiles","cases":[{"when":[[{"components":{"intangible_projectile":{}},"id":"spectral_arrow"}],[{"components":{"intangible_projectile":{}},"id":"spectral_arrow"},{"components":{"intangible_projectile":{}},"id":"spectral_arrow"},{"components":{"intangible_projectile":{}},"id":"spectral_arrow"}]],"model":{"type":"select","property":"component","component":"enchantments","cases":[{"when":{"multishot":1},"model":{"type":"model","model":"item/better_bows/crossbow_spectral_arrow_2d_multishot"}}],"fallback":{"type":"model","model":"item/better_bows/crossbow_spectral_arrow_2d"}}},{"when":[[{"components":{"intangible_projectile":{},"potion_contents":{"potion":"night_vision"}},"id":"tipped_arrow"}],[{"components":{"intangible_projectile":{},"potion_contents":{"potion":"night_vision"}},"id":"tipped_arrow"},{"components":{"intangible_projectile":{},"potion_contents":{"potion":"night_vision"}},"id":"tipped_arrow"},{"components":{"intangible_projectile":{},"potion_contents":{"potion":"night_vision"}},"id":"tipped_arrow"}]],"model":{"type":"select","property":"component","component":"enchantments","cases":[{"when":{"multishot":1},"model":{"type":"model","model":"item/better_bows/crossbow_tipped_arrow_2d_multishot","tints":[{"type":"constant","value":-1},{"type":"constant","value":12779366}]}}],"fallback":{"type":"model","model":"item/better_bows/crossbow_tipped_arrow_2d","tints":[{"type":"constant","value":-1},{"type":"constant","value":12779366}]}}},{"when":[[{"components":{"intangible_projectile":{},"potion_contents":{"potion":"long_night_vision"}},"id":"tipped_arrow"}],[{"components":{"intangible_projectile":{},"potion_contents":{"potion":"long_night_vision"}},"id":"tipped_arrow"},{"components":{"intangible_projectile":{},"potion_contents":{"potion":"long_night_vision"}},"id":"tipped_arrow"},{"components":{"intangible_projectile":{},"potion_contents":{"potion":"long_night_vision"}},"id":"tipped_arrow"}]],"model":{"type":"select","property":"component","component":"enchantments","cases":[{"when":{"multishot":1},"model":{"type":"model","model":"item/better_bows/crossbow_tipped_arrow_2d_multishot","tints":[{"type":"constant","value":-1},{"type":"constant","value":12779366}]}}],"fallback":{"type":"model","model":"item/better_bows/crossbow_tipped_arrow_2d","tints":[{"type":"constant","value":-1},{"type":"constant","value":12779366}]}}},{"when":[[{"components":{"intangible_projectile":{},"potion_contents":{"potion":"invisibility"}},"id":"tipped_arrow"}],[{"components":{"intangible_projectile":{},"potion_contents":{"potion":"invisibility"}},"id":"tipped_arrow"},{"components":{"intangible_projectile":{},"potion_contents":{"potion":"invisibility"}},"id":"tipped_arrow"},{"components":{"intangible_projectile":{},"potion_contents":{"potion":"invisibility"}},"id":"tipped_arrow"}]],"model":{"type":"select","property":"component","component":"enchantments","cases":[{"when":{"multishot":1},"model":{"type":"model","model":"item/better_bows/crossbow_tipped_arrow_2d_multishot","tints":[{"type":"constant","value":-1},{"type":"constant","value":16185078}]}}],"fallback":{"type":"model","model":"item/better_bows/crossbow_tipped_arrow_2d","tints":[{"type":"constant","value":-1},{"type":"constant","value":16185078}]}}},{"when":[[{"components":{"intangible_projectile":{},"potion_contents":{"potion":"long_invisibility"}},"id":"tipped_arrow"}],[{"components":{"intangible_projectile":{},"potion_contents":{"potion":"long_invisibility"}},"id":"tipped_arrow"},{"components":{"intangible_projectile":{},"potion_contents":{"potion":"long_invisibility"}},"id":"tipped_arrow"},{"components":{"intangible_projectile":{},"potion_contents":{"potion":"long_invisibility"}},"id":"tipped_arrow"}]],"model":{"type":"select","property":"component","component":"enchantments","cases":[{"when":{"multishot":1},"model":{"type":"model","model":"item/better_bows/crossbow_tipped_arrow_2d_multishot","tints":[{"type":"constant","value":-1},{"type":"constant","value":16185078}]}}],"fallback":{"type":"model","model":"item/better_bows/crossbow_tipped_arrow_2d","tints":[{"type":"constant","value":-1},{"type":"constant","value":16185078}]}}},{"when":[[{"components":{"intangible_projectile":{},"potion_contents":{"potion":"leaping"}},"id":"tipped_arrow"}],[{"components":{"intangible_projectile":{},"potion_contents":{"potion":"leaping"}},"id":"tipped_arrow"},{"components":{"intangible_projectile":{},"potion_contents":{"potion":"leaping"}},"id":"tipped_arrow"},{"components":{"intangible_projectile":{},"potion_contents":{"potion":"leaping"}},"id":"tipped_arrow"}]],"model":{"type":"select","property":"component","component":"enchantments","cases":[{"when":{"multishot":1},"model":{"type":"model","model":"item/better_bows/crossbow_tipped_arrow_2d_multishot","tints":[{"type":"constant","value":-1},{"type":"constant","value":16646020}]}}],"fallback":{"type":"model","model":"item/better_bows/crossbow_tipped_arrow_2d","tints":[{"type":"constant","value":-1},{"type":"constant","value":16646020}]}}},{"when":[[{"components":{"intangible_projectile":{},"potion_contents":{"potion":"long_leaping"}},"id":"tipped_arrow"}],[{"components":{"intangible_projectile":{},"potion_contents":{"potion":"long_leaping"}},"id":"tipped_arrow"},{"components":{"intangible_projectile":{},"potion_contents":{"potion":"long_leaping"}},"id":"tipped_arrow"},{"components":{"intangible_projectile":{},"potion_contents":{"potion":"long_leaping"}},"id":"tipped_arrow"}]],"model":{"type":"select","property":"component","component":"enchantments","cases":[{"when":{"multishot":1},"model":{"type":"model","model":"item/better_bows/crossbow_tipped_arrow_2d_multishot","tints":[{"type":"constant","value":-1},{"type":"constant","value":16646020}]}}],"fallback":{"type":"model","model":"item/better_bows/crossbow_tipped_arrow_2d","tints":[{"type":"constant","value":-1},{"type":"constant","value":16646020}]}}},{"when":[[{"components":{"intangible_projectile":{},"potion_contents":{"potion":"strong_leaping"}},"id":"tipped_arrow"}],[{"components":{"intangible_projectile":{},"potion_contents":{"potion":"strong_leaping"}},"id":"tipped_arrow"},{"components":{"intangible_projectile":{},"potion_contents":{"potion":"strong_leaping"}},"id":"tipped_arrow"},{"components":{"intangible_projectile":{},"potion_contents":{"potion":"strong_leaping"}},"id":"tipped_arrow"}]],"model":{"type":"select","property":"component","component":"enchantments","cases":[{"when":{"multishot":1},"model":{"type":"model","model":"item/better_bows/crossbow_tipped_arrow_2d_multishot","tints":[{"type":"constant","value":-1},{"type":"constant","value":16646020}]}}],"fallback":{"type":"model","model":"item/better_bows/crossbow_tipped_arrow_2d","tints":[{"type":"constant","value":-1},{"type":"constant","value":16646020}]}}},{"when":[[{"components":{"intangible_projectile":{},"potion_contents":{"potion":"fire_resistance"}},"id":"tipped_arrow"}],[{"components":{"intangible_projectile":{},"potion_contents":{"potion":"fire_resistance"}},"id":"tipped_arrow"},{"components":{"intangible_projectile":{},"potion_contents":{"potion":"fire_resistance"}},"id":"tipped_arrow"},{"components":{"intangible_projectile":{},"potion_contents":{"potion":"fire_resistance"}},"id":"tipped_arrow"}]],"model":{"type":"select","property":"component","component":"enchantments","cases":[{"when":{"multishot":1},"model":{"type":"model","model":"item/better_bows/crossbow_tipped_arrow_2d_multishot","tints":[{"type":"constant","value":-1},{"type":"constant","value":16750848}]}}],"fallback":{"type":"model","model":"item/better_bows/crossbow_tipped_arrow_2d","tints":[{"type":"constant","value":-1},{"type":"constant","value":16750848}]}}},{"when":[[{"components":{"intangible_projectile":{},"potion_contents":{"potion":"long_fire_resistance"}},"id":"tipped_arrow"}],[{"components":{"intangible_projectile":{},"potion_contents":{"potion":"long_fire_resistance"}},"id":"tipped_arrow"},{"components":{"intangible_projectile":{},"potion_contents":{"potion":"long_fire_resistance"}},"id":"tipped_arrow"},{"components":{"intangible_projectile":{},"potion_contents":{"potion":"long_fire_resistance"}},"id":"tipped_arrow"}]],"model":{"type":"select","property":"component","component":"enchantments","cases":[{"when":{"multishot":1},"model":{"type":"model","model":"item/better_bows/crossbow_tipped_arrow_2d_multishot","tints":[{"type":"constant","value":-1},{"type":"constant","value":16750848}]}}],"fallback":{"type":"model","model":"item/better_bows/crossbow_tipped_arrow_2d","tints":[{"type":"constant","value":-1},{"type":"constant","value":16750848}]}}},{"when":[[{"components":{"intangible_projectile":{},"potion_contents":{"potion":"swiftness"}},"id":"tipped_arrow"}],[{"components":{"intangible_projectile":{},"potion_contents":{"potion":"swiftness"}},"id":"tipped_arrow"},{"components":{"intangible_projectile":{},"potion_contents":{"potion":"swiftness"}},"id":"tipped_arrow"},{"components":{"intangible_projectile":{},"potion_contents":{"potion":"swiftness"}},"id":"tipped_arrow"}]],"model":{"type":"select","property":"component","component":"enchantments","cases":[{"when":{"multishot":1},"model":{"type":"model","model":"item/better_bows/crossbow_tipped_arrow_2d_multishot","tints":[{"type":"constant","value":-1},{"type":"constant","value":3402751}]}}],"fallback":{"type":"model","model":"item/better_bows/crossbow_tipped_arrow_2d","tints":[{"type":"constant","value":-1},{"type":"constant","value":3402751}]}}},{"when":[[{"components":{"intangible_projectile":{},"potion_contents":{"potion":"long_swiftness"}},"id":"tipped_arrow"}],[{"components":{"intangible_projectile":{},"potion_contents":{"potion":"long_swiftness"}},"id":"tipped_arrow"},{"components":{"intangible_projectile":{},"potion_contents":{"potion":"long_swiftness"}},"id":"tipped_arrow"},{"components":{"intangible_projectile":{},"potion_contents":{"potion":"long_swiftness"}},"id":"tipped_arrow"}]],"model":{"type":"select","property":"component","component":"enchantments","cases":[{"when":{"multishot":1},"model":{"type":"model","model":"item/better_bows/crossbow_tipped_arrow_2d_multishot","tints":[{"type":"constant","value":-1},{"type":"constant","value":3402751}]}}],"fallback":{"type":"model","model":"item/better_bows/crossbow_tipped_arrow_2d","tints":[{"type":"constant","value":-1},{"type":"constant","value":3402751}]}}},{"when":[[{"components":{"intangible_projectile":{},"potion_contents":{"potion":"strong_swiftness"}},"id":"tipped_arrow"}],[{"components":{"intangible_projectile":{},"potion_contents":{"potion":"strong_swiftness"}},"id":"tipped_arrow"},{"components":{"intangible_projectile":{},"potion_contents":{"potion":"strong_swiftness"}},"id":"tipped_arrow"},{"components":{"intangible_projectile":{},"potion_contents":{"potion":"strong_swiftness"}},"id":"tipped_arrow"}]],"model":{"type":"select","property":"component","component":"enchantments","cases":[{"when":{"multishot":1},"model":{"type":"model","model":"item/better_bows/crossbow_tipped_arrow_2d_multishot","tints":[{"type":"constant","value":-1},{"type":"constant","value":3402751}]}}],"fallback":{"type":"model","model":"item/better_bows/crossbow_tipped_arrow_2d","tints":[{"type":"constant","value":-1},{"type":"constant","value":3402751}]}}},{"when":[[{"components":{"intangible_projectile":{},"potion_contents":{"potion":"slowness"}},"id":"tipped_arrow"}],[{"components":{"intangible_projectile":{},"potion_contents":{"potion":"slowness"}},"id":"tipped_arrow"},{"components":{"intangible_projectile":{},"potion_contents":{"potion":"slowness"}},"id":"tipped_arrow"},{"components":{"intangible_projectile":{},"potion_contents":{"potion":"slowness"}},"id":"tipped_arrow"}]],"model":{"type":"select","property":"component","component":"enchantments","cases":[{"when":{"multishot":1},"model":{"type":"model","model":"item/better_bows/crossbow_tipped_arrow_2d_multishot","tints":[{"type":"constant","value":-1},{"type":"constant","value":9154528}]}}],"fallback":{"type":"model","model":"item/better_bows/crossbow_tipped_arrow_2d","tints":[{"type":"constant","value":-1},{"type":"constant","value":9154528}]}}},{"when":[[{"components":{"intangible_projectile":{},"potion_contents":{"potion":"long_slowness"}},"id":"tipped_arrow"}],[{"components":{"intangible_projectile":{},"potion_contents":{"potion":"long_slowness"}},"id":"tipped_arrow"},{"components":{"intangible_projectile":{},"potion_contents":{"potion":"long_slowness"}},"id":"tipped_arrow"},{"components":{"intangible_projectile":{},"potion_contents":{"potion":"long_slowness"}},"id":"tipped_arrow"}]],"model":{"type":"select","property":"component","component":"enchantments","cases":[{"when":{"multishot":1},"model":{"type":"model","model":"item/better_bows/crossbow_tipped_arrow_2d_multishot","tints":[{"type":"constant","value":-1},{"type":"constant","value":9154528}]}}],"fallback":{"type":"model","model":"item/better_bows/crossbow_tipped_arrow_2d","tints":[{"type":"constant","value":-1},{"type":"constant","value":9154528}]}}},{"when":[[{"components":{"intangible_projectile":{},"potion_contents":{"potion":"strong_slowness"}},"id":"tipped_arrow"}],[{"components":{"intangible_projectile":{},"potion_contents":{"potion":"strong_slowness"}},"id":"tipped_arrow"},{"components":{"intangible_projectile":{},"potion_contents":{"potion":"strong_slowness"}},"id":"tipped_arrow"},{"components":{"intangible_projectile":{},"potion_contents":{"potion":"strong_slowness"}},"id":"tipped_arrow"}]],"model":{"type":"select","property":"component","component":"enchantments","cases":[{"when":{"multishot":1},"model":{"type":"model","model":"item/better_bows/crossbow_tipped_arrow_2d_multishot","tints":[{"type":"constant","value":-1},{"type":"constant","value":9154528}]}}],"fallback":{"type":"model","model":"item/better_bows/crossbow_tipped_arrow_2d","tints":[{"type":"constant","value":-1},{"type":"constant","value":9154528}]}}},{"when":[[{"components":{"intangible_projectile":{},"potion_contents":{"potion":"turtle_master"}},"id":"tipped_arrow"}],[{"components":{"intangible_projectile":{},"potion_contents":{"potion":"turtle_master"}},"id":"tipped_arrow"},{"components":{"intangible_projectile":{},"potion_contents":{"potion":"turtle_master"}},"id":"tipped_arrow"},{"components":{"intangible_projectile":{},"potion_contents":{"potion":"turtle_master"}},"id":"tipped_arrow"}]],"model":{"type":"select","property":"component","component":"enchantments","cases":[{"when":{"multishot":1},"model":{"type":"model","model":"item/better_bows/crossbow_tipped_arrow_2d_multishot","tints":[{"type":"constant","value":-1},{"type":"constant","value":9337576}]}}],"fallback":{"type":"model","model":"item/better_bows/crossbow_tipped_arrow_2d","tints":[{"type":"constant","value":-1},{"type":"constant","value":9337576}]}}},{"when":[[{"components":{"intangible_projectile":{},"potion_contents":{"potion":"long_turtle_master"}},"id":"tipped_arrow"}],[{"components":{"intangible_projectile":{},"potion_contents":{"potion":"long_turtle_master"}},"id":"tipped_arrow"},{"components":{"intangible_projectile":{},"potion_contents":{"potion":"long_turtle_master"}},"id":"tipped_arrow"},{"components":{"intangible_projectile":{},"potion_contents":{"potion":"long_turtle_master"}},"id":"tipped_arrow"}]],"model":{"type":"select","property":"component","component":"enchantments","cases":[{"when":{"multishot":1},"model":{"type":"model","model":"item/better_bows/crossbow_tipped_arrow_2d_multishot","tints":[{"type":"constant","value":-1},{"type":"constant","value":9337576}]}}],"fallback":{"type":"model","model":"item/better_bows/crossbow_tipped_arrow_2d","tints":[{"type":"constant","value":-1},{"type":"constant","value":9337576}]}}},{"when":[[{"components":{"intangible_projectile":{},"potion_contents":{"potion":"strong_turtle_master"}},"id":"tipped_arrow"}],[{"components":{"intangible_projectile":{},"potion_contents":{"potion":"strong_turtle_master"}},"id":"tipped_arrow"},{"components":{"intangible_projectile":{},"potion_contents":{"potion":"strong_turtle_master"}},"id":"tipped_arrow"},{"components":{"intangible_projectile":{},"potion_contents":{"potion":"strong_turtle_master"}},"id":"tipped_arrow"}]],"model":{"type":"select","property":"component","component":"enchantments","cases":[{"when":{"multishot":1},"model":{"type":"model","model":"item/better_bows/crossbow_tipped_arrow_2d_multishot","tints":[{"type":"constant","value":-1},{"type":"constant","value":9337576}]}}],"fallback":{"type":"model","model":"item/better_bows/crossbow_tipped_arrow_2d","tints":[{"type":"constant","value":-1},{"type":"constant","value":9337576}]}}},{"when":[[{"components":{"intangible_projectile":{},"potion_contents":{"potion":"water_breathing"}},"id":"tipped_arrow"}],[{"components":{"intangible_projectile":{},"potion_contents":{"potion":"water_breathing"}},"id":"tipped_arrow"},{"components":{"intangible_projectile":{},"potion_contents":{"potion":"water_breathing"}},"id":"tipped_arrow"},{"components":{"intangible_projectile":{},"potion_contents":{"potion":"water_breathing"}},"id":"tipped_arrow"}]],"model":{"type":"select","property":"component","component":"enchantments","cases":[{"when":{"multishot":1},"model":{"type":"model","model":"item/better_bows/crossbow_tipped_arrow_2d_multishot","tints":[{"type":"constant","value":-1},{"type":"constant","value":10017472}]}}],"fallback":{"type":"model","model":"item/better_bows/crossbow_tipped_arrow_2d","tints":[{"type":"constant","value":-1},{"type":"constant","value":10017472}]}}},{"when":[[{"components":{"intangible_projectile":{},"potion_contents":{"potion":"long_water_breathing"}},"id":"tipped_arrow"}],[{"components":{"intangible_projectile":{},"potion_contents":{"potion":"long_water_breathing"}},"id":"tipped_arrow"},{"components":{"intangible_projectile":{},"potion_contents":{"potion":"long_water_breathing"}},"id":"tipped_arrow"},{"components":{"intangible_projectile":{},"potion_contents":{"potion":"long_water_breathing"}},"id":"tipped_arrow"}]],"model":{"type":"select","property":"component","component":"enchantments","cases":[{"when":{"multishot":1},"model":{"type":"model","model":"item/better_bows/crossbow_tipped_arrow_2d_multishot","tints":[{"type":"constant","value":-1},{"type":"constant","value":10017472}]}}],"fallback":{"type":"model","model":"item/better_bows/crossbow_tipped_arrow_2d","tints":[{"type":"constant","value":-1},{"type":"constant","value":10017472}]}}},{"when":[[{"components":{"intangible_projectile":{},"potion_contents":{"potion":"healing"}},"id":"tipped_arrow"}],[{"components":{"intangible_projectile":{},"potion_contents":{"potion":"healing"}},"id":"tipped_arrow"},{"components":{"intangible_projectile":{},"potion_contents":{"potion":"healing"}},"id":"tipped_arrow"},{"components":{"intangible_projectile":{},"potion_contents":{"potion":"healing"}},"id":"tipped_arrow"}]],"model":{"type":"select","property":"component","component":"enchantments","cases":[{"when":{"multishot":1},"model":{"type":"model","model":"item/better_bows/crossbow_tipped_arrow_2d_multishot","tints":[{"type":"constant","value":-1},{"type":"constant","value":16262179}]}}],"fallback":{"type":"model","model":"item/better_bows/crossbow_tipped_arrow_2d","tints":[{"type":"constant","value":-1},{"type":"constant","value":16262179}]}}},{"when":[[{"components":{"intangible_projectile":{},"potion_contents":{"potion":"strong_healing"}},"id":"tipped_arrow"}],[{"components":{"intangible_projectile":{},"potion_contents":{"potion":"strong_healing"}},"id":"tipped_arrow"},{"components":{"intangible_projectile":{},"potion_contents":{"potion":"strong_healing"}},"id":"tipped_arrow"},{"components":{"intangible_projectile":{},"potion_contents":{"potion":"strong_healing"}},"id":"tipped_arrow"}]],"model":{"type":"select","property":"component","component":"enchantments","cases":[{"when":{"multishot":1},"model":{"type":"model","model":"item/better_bows/crossbow_tipped_arrow_2d_multishot","tints":[{"type":"constant","value":-1},{"type":"constant","value":16262179}]}}],"fallback":{"type":"model","model":"item/better_bows/crossbow_tipped_arrow_2d","tints":[{"type":"constant","value":-1},{"type":"constant","value":16262179}]}}},{"when":[[{"components":{"intangible_projectile":{},"potion_contents":{"potion":"harming"}},"id":"tipped_arrow"}],[{"components":{"intangible_projectile":{},"potion_contents":{"potion":"harming"}},"id":"tipped_arrow"},{"components":{"intangible_projectile":{},"potion_contents":{"potion":"harming"}},"id":"tipped_arrow"},{"components":{"intangible_projectile":{},"potion_contents":{"potion":"harming"}},"id":"tipped_arrow"}]],"model":{"type":"select","property":"component","component":"enchantments","cases":[{"when":{"multishot":1},"model":{"type":"model","model":"item/better_bows/crossbow_tipped_arrow_2d_multishot","tints":[{"type":"constant","value":-1},{"type":"constant","value":11101546}]}}],"fallback":{"type":"model","model":"item/better_bows/crossbow_tipped_arrow_2d","tints":[{"type":"constant","value":-1},{"type":"constant","value":11101546}]}}},{"when":[[{"components":{"intangible_projectile":{},"potion_contents":{"potion":"strong_harming"}},"id":"tipped_arrow"}],[{"components":{"intangible_projectile":{},"potion_contents":{"potion":"strong_harming"}},"id":"tipped_arrow"},{"components":{"intangible_projectile":{},"potion_contents":{"potion":"strong_harming"}},"id":"tipped_arrow"},{"components":{"intangible_projectile":{},"potion_contents":{"potion":"strong_harming"}},"id":"tipped_arrow"}]],"model":{"type":"select","property":"component","component":"enchantments","cases":[{"when":{"multishot":1},"model":{"type":"model","model":"item/better_bows/crossbow_tipped_arrow_2d_multishot","tints":[{"type":"constant","value":-1},{"type":"constant","value":11101546}]}}],"fallback":{"type":"model","model":"item/better_bows/crossbow_tipped_arrow_2d","tints":[{"type":"constant","value":-1},{"type":"constant","value":11101546}]}}},{"when":[[{"components":{"intangible_projectile":{},"potion_contents":{"potion":"poison"}},"id":"tipped_arrow"}],[{"components":{"intangible_projectile":{},"potion_contents":{"potion":"poison"}},"id":"tipped_arrow"},{"components":{"intangible_projectile":{},"potion_contents":{"potion":"poison"}},"id":"tipped_arrow"},{"components":{"intangible_projectile":{},"potion_contents":{"potion":"poison"}},"id":"tipped_arrow"}]],"model":{"type":"select","property":"component","component":"enchantments","cases":[{"when":{"multishot":1},"model":{"type":"model","model":"item/better_bows/crossbow_tipped_arrow_2d_multishot","tints":[{"type":"constant","value":-1},{"type":"constant","value":8889187}]}}],"fallback":{"type":"model","model":"item/better_bows/crossbow_tipped_arrow_2d","tints":[{"type":"constant","value":-1},{"type":"constant","value":8889187}]}}},{"when":[[{"components":{"intangible_projectile":{},"potion_contents":{"potion":"long_poison"}},"id":"tipped_arrow"}],[{"components":{"intangible_projectile":{},"potion_contents":{"potion":"long_poison"}},"id":"tipped_arrow"},{"components":{"intangible_projectile":{},"potion_contents":{"potion":"long_poison"}},"id":"tipped_arrow"},{"components":{"intangible_projectile":{},"potion_contents":{"potion":"long_poison"}},"id":"tipped_arrow"}]],"model":{"type":"select","property":"component","component":"enchantments","cases":[{"when":{"multishot":1},"model":{"type":"model","model":"item/better_bows/crossbow_tipped_arrow_2d_multishot","tints":[{"type":"constant","value":-1},{"type":"constant","value":8889187}]}}],"fallback":{"type":"model","model":"item/better_bows/crossbow_tipped_arrow_2d","tints":[{"type":"constant","value":-1},{"type":"constant","value":8889187}]}}},{"when":[[{"components":{"intangible_projectile":{},"potion_contents":{"potion":"strong_poison"}},"id":"tipped_arrow"}],[{"components":{"intangible_projectile":{},"potion_contents":{"potion":"strong_poison"}},"id":"tipped_arrow"},{"components":{"intangible_projectile":{},"potion_contents":{"potion":"strong_poison"}},"id":"tipped_arrow"},{"components":{"intangible_projectile":{},"potion_contents":{"potion":"strong_poison"}},"id":"tipped_arrow"}]],"model":{"type":"select","property":"component","component":"enchantments","cases":[{"when":{"multishot":1},"model":{"type":"model","model":"item/better_bows/crossbow_tipped_arrow_2d_multishot","tints":[{"type":"constant","value":-1},{"type":"constant","value":8889187}]}}],"fallback":{"type":"model","model":"item/better_bows/crossbow_tipped_arrow_2d","tints":[{"type":"constant","value":-1},{"type":"constant","value":8889187}]}}},{"when":[[{"components":{"intangible_projectile":{},"potion_contents":{"potion":"regeneration"}},"id":"tipped_arrow"}],[{"components":{"intangible_projectile":{},"potion_contents":{"potion":"regeneration"}},"id":"tipped_arrow"},{"components":{"intangible_projectile":{},"potion_contents":{"potion":"regeneration"}},"id":"tipped_arrow"},{"components":{"intangible_projectile":{},"potion_contents":{"potion":"regeneration"}},"id":"tipped_arrow"}]],"model":{"type":"select","property":"component","component":"enchantments","cases":[{"when":{"multishot":1},"model":{"type":"model","model":"item/better_bows/crossbow_tipped_arrow_2d_multishot","tints":[{"type":"constant","value":-1},{"type":"constant","value":13458603}]}}],"fallback":{"type":"model","model":"item/better_bows/crossbow_tipped_arrow_2d","tints":[{"type":"constant","value":-1},{"type":"constant","value":13458603}]}}},{"when":[[{"components":{"intangible_projectile":{},"potion_contents":{"potion":"long_regeneration"}},"id":"tipped_arrow"}],[{"components":{"intangible_projectile":{},"potion_contents":{"potion":"long_regeneration"}},"id":"tipped_arrow"},{"components":{"intangible_projectile":{},"potion_contents":{"potion":"long_regeneration"}},"id":"tipped_arrow"},{"components":{"intangible_projectile":{},"potion_contents":{"potion":"long_regeneration"}},"id":"tipped_arrow"}]],"model":{"type":"select","property":"component","component":"enchantments","cases":[{"when":{"multishot":1},"model":{"type":"model","model":"item/better_bows/crossbow_tipped_arrow_2d_multishot","tints":[{"type":"constant","value":-1},{"type":"constant","value":13458603}]}}],"fallback":{"type":"model","model":"item/better_bows/crossbow_tipped_arrow_2d","tints":[{"type":"constant","value":-1},{"type":"constant","value":13458603}]}}},{"when":[[{"components":{"intangible_projectile":{},"potion_contents":{"potion":"strong_regeneration"}},"id":"tipped_arrow"}],[{"components":{"intangible_projectile":{},"potion_contents":{"potion":"strong_regeneration"}},"id":"tipped_arrow"},{"components":{"intangible_projectile":{},"potion_contents":{"potion":"strong_regeneration"}},"id":"tipped_arrow"},{"components":{"intangible_projectile":{},"potion_contents":{"potion":"strong_regeneration"}},"id":"tipped_arrow"}]],"model":{"type":"select","property":"component","component":"enchantments","cases":[{"when":{"multishot":1},"model":{"type":"model","model":"item/better_bows/crossbow_tipped_arrow_2d_multishot","tints":[{"type":"constant","value":-1},{"type":"constant","value":13458603}]}}],"fallback":{"type":"model","model":"item/better_bows/crossbow_tipped_arrow_2d","tints":[{"type":"constant","value":-1},{"type":"constant","value":13458603}]}}},{"when":[[{"components":{"intangible_projectile":{},"potion_contents":{"potion":"strength"}},"id":"tipped_arrow"}],[{"components":{"intangible_projectile":{},"potion_contents":{"potion":"strength"}},"id":"tipped_arrow"},{"components":{"intangible_projectile":{},"potion_contents":{"potion":"strength"}},"id":"tipped_arrow"},{"components":{"intangible_projectile":{},"potion_contents":{"potion":"strength"}},"id":"tipped_arrow"}]],"model":{"type":"select","property":"component","component":"enchantments","cases":[{"when":{"multishot":1},"model":{"type":"model","model":"item/better_bows/crossbow_tipped_arrow_2d_multishot","tints":[{"type":"constant","value":-1},{"type":"constant","value":16762624}]}}],"fallback":{"type":"model","model":"item/better_bows/crossbow_tipped_arrow_2d","tints":[{"type":"constant","value":-1},{"type":"constant","value":16762624}]}}},{"when":[[{"components":{"intangible_projectile":{},"potion_contents":{"potion":"long_strength"}},"id":"tipped_arrow"}],[{"components":{"intangible_projectile":{},"potion_contents":{"potion":"long_strength"}},"id":"tipped_arrow"},{"components":{"intangible_projectile":{},"potion_contents":{"potion":"long_strength"}},"id":"tipped_arrow"},{"components":{"intangible_projectile":{},"potion_contents":{"potion":"long_strength"}},"id":"tipped_arrow"}]],"model":{"type":"select","property":"component","component":"enchantments","cases":[{"when":{"multishot":1},"model":{"type":"model","model":"item/better_bows/crossbow_tipped_arrow_2d_multishot","tints":[{"type":"constant","value":-1},{"type":"constant","value":16762624}]}}],"fallback":{"type":"model","model":"item/better_bows/crossbow_tipped_arrow_2d","tints":[{"type":"constant","value":-1},{"type":"constant","value":16762624}]}}},{"when":[[{"components":{"intangible_projectile":{},"potion_contents":{"potion":"strong_strength"}},"id":"tipped_arrow"}],[{"components":{"intangible_projectile":{},"potion_contents":{"potion":"strong_strength"}},"id":"tipped_arrow"},{"components":{"intangible_projectile":{},"potion_contents":{"potion":"strong_strength"}},"id":"tipped_arrow"},{"components":{"intangible_projectile":{},"potion_contents":{"potion":"strong_strength"}},"id":"tipped_arrow"}]],"model":{"type":"select","property":"component","component":"enchantments","cases":[{"when":{"multishot":1},"model":{"type":"model","model":"item/better_bows/crossbow_tipped_arrow_2d_multishot","tints":[{"type":"constant","value":-1},{"type":"constant","value":16762624}]}}],"fallback":{"type":"model","model":"item/better_bows/crossbow_tipped_arrow_2d","tints":[{"type":"constant","value":-1},{"type":"constant","value":16762624}]}}},{"when":[[{"components":{"intangible_projectile":{},"potion_contents":{"potion":"weakness"}},"id":"tipped_arrow"}],[{"components":{"intangible_projectile":{},"potion_contents":{"potion":"weakness"}},"id":"tipped_arrow"},{"components":{"intangible_projectile":{},"potion_contents":{"potion":"weakness"}},"id":"tipped_arrow"},{"components":{"intangible_projectile":{},"potion_contents":{"potion":"weakness"}},"id":"tipped_arrow"}]],"model":{"type":"select","property":"component","component":"enchantments","cases":[{"when":{"multishot":1},"model":{"type":"model","model":"item/better_bows/crossbow_tipped_arrow_2d_multishot","tints":[{"type":"constant","value":-1},{"type":"constant","value":4738376}]}}],"fallback":{"type":"model","model":"item/better_bows/crossbow_tipped_arrow_2d","tints":[{"type":"constant","value":-1},{"type":"constant","value":4738376}]}}},{"when":[[{"components":{"intangible_projectile":{},"potion_contents":{"potion":"long_weakness"}},"id":"tipped_arrow"}],[{"components":{"intangible_projectile":{},"potion_contents":{"potion":"long_weakness"}},"id":"tipped_arrow"},{"components":{"intangible_projectile":{},"potion_contents":{"potion":"long_weakness"}},"id":"tipped_arrow"},{"components":{"intangible_projectile":{},"potion_contents":{"potion":"long_weakness"}},"id":"tipped_arrow"}]],"model":{"type":"select","property":"component","component":"enchantments","cases":[{"when":{"multishot":1},"model":{"type":"model","model":"item/better_bows/crossbow_tipped_arrow_2d_multishot","tints":[{"type":"constant","value":-1},{"type":"constant","value":4738376}]}}],"fallback":{"type":"model","model":"item/better_bows/crossbow_tipped_arrow_2d","tints":[{"type":"constant","value":-1},{"type":"constant","value":4738376}]}}},{"when":[[{"components":{"intangible_projectile":{},"potion_contents":{"potion":"luck"}},"id":"tipped_arrow"}],[{"components":{"intangible_projectile":{},"potion_contents":{"potion":"luck"}},"id":"tipped_arrow"},{"components":{"intangible_projectile":{},"potion_contents":{"potion":"luck"}},"id":"tipped_arrow"},{"components":{"intangible_projectile":{},"potion_contents":{"potion":"luck"}},"id":"tipped_arrow"}]],"model":{"type":"select","property":"component","component":"enchantments","cases":[{"when":{"multishot":1},"model":{"type":"model","model":"item/better_bows/crossbow_tipped_arrow_2d_multishot","tints":[{"type":"constant","value":-1},{"type":"constant","value":5882118}]}}],"fallback":{"type":"model","model":"item/better_bows/crossbow_tipped_arrow_2d","tints":[{"type":"constant","value":-1},{"type":"constant","value":5882118}]}}},{"when":[[{"components":{"intangible_projectile":{},"potion_contents":{"potion":"slow_falling"}},"id":"tipped_arrow"}],[{"components":{"intangible_projectile":{},"potion_contents":{"potion":"slow_falling"}},"id":"tipped_arrow"},{"components":{"intangible_projectile":{},"potion_contents":{"potion":"slow_falling"}},"id":"tipped_arrow"},{"components":{"intangible_projectile":{},"potion_contents":{"potion":"slow_falling"}},"id":"tipped_arrow"}]],"model":{"type":"select","property":"component","component":"enchantments","cases":[{"when":{"multishot":1},"model":{"type":"model","model":"item/better_bows/crossbow_tipped_arrow_2d_multishot","tints":[{"type":"constant","value":-1},{"type":"constant","value":15978425}]}}],"fallback":{"type":"model","model":"item/better_bows/crossbow_tipped_arrow_2d","tints":[{"type":"constant","value":-1},{"type":"constant","value":15978425}]}}},{"when":[[{"components":{"intangible_projectile":{},"potion_contents":{"potion":"long_slow_falling"}},"id":"tipped_arrow"}],[{"components":{"intangible_projectile":{},"potion_contents":{"potion":"long_slow_falling"}},"id":"tipped_arrow"},{"components":{"intangible_projectile":{},"potion_contents":{"potion":"long_slow_falling"}},"id":"tipped_arrow"},{"components":{"intangible_projectile":{},"potion_contents":{"potion":"long_slow_falling"}},"id":"tipped_arrow"}]],"model":{"type":"select","property":"component","component":"enchantments","cases":[{"when":{"multishot":1},"model":{"type":"model","model":"item/better_bows/crossbow_tipped_arrow_2d_multishot","tints":[{"type":"constant","value":-1},{"type":"constant","value":15978425}]}}],"fallback":{"type":"model","model":"item/better_bows/crossbow_tipped_arrow_2d","tints":[{"type":"constant","value":-1},{"type":"constant","value":15978425}]}}},{"when":[[{"components":{"intangible_projectile":{},"potion_contents":{"potion":"wind_charged"}},"id":"tipped_arrow"}],[{"components":{"intangible_projectile":{},"potion_contents":{"potion":"wind_charged"}},"id":"tipped_arrow"},{"components":{"intangible_projectile":{},"potion_contents":{"potion":"wind_charged"}},"id":"tipped_arrow"},{"components":{"intangible_projectile":{},"potion_contents":{"potion":"wind_charged"}},"id":"tipped_arrow"}]],"model":{"type":"select","property":"component","component":"enchantments","cases":[{"when":{"multishot":1},"model":{"type":"model","model":"item/better_bows/crossbow_tipped_arrow_2d_multishot","tints":[{"type":"constant","value":-1},{"type":"constant","value":12438015}]}}],"fallback":{"type":"model","model":"item/better_bows/crossbow_tipped_arrow_2d","tints":[{"type":"constant","value":-1},{"type":"constant","value":12438015}]}}},{"when":[[{"components":{"intangible_projectile":{},"potion_contents":{"potion":"weaving"}},"id":"tipped_arrow"}],[{"components":{"intangible_projectile":{},"potion_contents":{"potion":"weaving"}},"id":"tipped_arrow"},{"components":{"intangible_projectile":{},"potion_contents":{"potion":"weaving"}},"id":"tipped_arrow"},{"components":{"intangible_projectile":{},"potion_contents":{"potion":"weaving"}},"id":"tipped_arrow"}]],"model":{"type":"select","property":"component","component":"enchantments","cases":[{"when":{"multishot":1},"model":{"type":"model","model":"item/better_bows/crossbow_tipped_arrow_2d_multishot","tints":[{"type":"constant","value":-1},{"type":"constant","value":7891290}]}}],"fallback":{"type":"model","model":"item/better_bows/crossbow_tipped_arrow_2d","tints":[{"type":"constant","value":-1},{"type":"constant","value":7891290}]}}},{"when":[[{"components":{"intangible_projectile":{},"potion_contents":{"potion":"oozing"}},"id":"tipped_arrow"}],[{"components":{"intangible_projectile":{},"potion_contents":{"potion":"oozing"}},"id":"tipped_arrow"},{"components":{"intangible_projectile":{},"potion_contents":{"potion":"oozing"}},"id":"tipped_arrow"},{"components":{"intangible_projectile":{},"potion_contents":{"potion":"oozing"}},"id":"tipped_arrow"}]],"model":{"type":"select","property":"component","component":"enchantments","cases":[{"when":{"multishot":1},"model":{"type":"model","model":"item/better_bows/crossbow_tipped_arrow_2d_multishot","tints":[{"type":"constant","value":-1},{"type":"constant","value":10092451}]}}],"fallback":{"type":"model","model":"item/better_bows/crossbow_tipped_arrow_2d","tints":[{"type":"constant","value":-1},{"type":"constant","value":10092451}]}}},{"when":[[{"components":{"intangible_projectile":{},"potion_contents":{"potion":"infested"}},"id":"tipped_arrow"}],[{"components":{"intangible_projectile":{},"potion_contents":{"potion":"infested"}},"id":"tipped_arrow"},{"components":{"intangible_projectile":{},"potion_contents":{"potion":"infested"}},"id":"tipped_arrow"},{"components":{"intangible_projectile":{},"potion_contents":{"potion":"infested"}},"id":"tipped_arrow"}]],"model":{"type":"select","property":"component","component":"enchantments","cases":[{"when":{"multishot":1},"model":{"type":"model","model":"item/better_bows/crossbow_tipped_arrow_2d_multishot","tints":[{"type":"constant","value":-1},{"type":"constant","value":9214860}]}}],"fallback":{"type":"model","model":"item/better_bows/crossbow_tipped_arrow_2d","tints":[{"type":"constant","value":-1},{"type":"constant","value":9214860}]}}},{"when":[[{"components":{"intangible_projectile":{},"potion_contents":{"potion":"water"}},"id":"tipped_arrow"}],[{"components":{"intangible_projectile":{},"potion_contents":{"potion":"water"}},"id":"tipped_arrow"},{"components":{"intangible_projectile":{},"potion_contents":{"potion":"water"}},"id":"tipped_arrow"},{"components":{"intangible_projectile":{},"potion_contents":{"potion":"water"}},"id":"tipped_arrow"}]],"model":{"type":"select","property":"component","component":"enchantments","cases":[{"when":{"multishot":1},"model":{"type":"model","model":"item/better_bows/crossbow_tipped_arrow_2d_multishot","tints":[{"type":"constant","value":-1},{"type":"constant","value":3694022}]}}],"fallback":{"type":"model","model":"item/better_bows/crossbow_tipped_arrow_2d","tints":[{"type":"constant","value":-1},{"type":"constant","value":3694022}]}}},{"when":[[{"components":{"intangible_projectile":{},"potion_contents":{"potion":"mundane"}},"id":"tipped_arrow"}],[{"components":{"intangible_projectile":{},"potion_contents":{"potion":"mundane"}},"id":"tipped_arrow"},{"components":{"intangible_projectile":{},"potion_contents":{"potion":"mundane"}},"id":"tipped_arrow"},{"components":{"intangible_projectile":{},"potion_contents":{"potion":"mundane"}},"id":"tipped_arrow"}]],"model":{"type":"select","property":"component","component":"enchantments","cases":[{"when":{"multishot":1},"model":{"type":"model","model":"item/better_bows/crossbow_tipped_arrow_2d_multishot","tints":[{"type":"constant","value":-1},{"type":"constant","value":3694022}]}}],"fallback":{"type":"model","model":"item/better_bows/crossbow_tipped_arrow_2d","tints":[{"type":"constant","value":-1},{"type":"constant","value":3694022}]}}},{"when":[[{"components":{"intangible_projectile":{},"potion_contents":{"potion":"thick"}},"id":"tipped_arrow"}],[{"components":{"intangible_projectile":{},"potion_contents":{"potion":"thick"}},"id":"tipped_arrow"},{"components":{"intangible_projectile":{},"potion_contents":{"potion":"thick"}},"id":"tipped_arrow"},{"components":{"intangible_projectile":{},"potion_contents":{"potion":"thick"}},"id":"tipped_arrow"}]],"model":{"type":"select","property":"component","component":"enchantments","cases":[{"when":{"multishot":1},"model":{"type":"model","model":"item/better_bows/crossbow_tipped_arrow_2d_multishot","tints":[{"type":"constant","value":-1},{"type":"constant","value":3694022}]}}],"fallback":{"type":"model","model":"item/better_bows/crossbow_tipped_arrow_2d","tints":[{"type":"constant","value":-1},{"type":"constant","value":3694022}]}}},{"when":[[{"components":{"intangible_projectile":{},"potion_contents":{"potion":"awkward"}},"id":"tipped_arrow"}],[{"components":{"intangible_projectile":{},"potion_contents":{"potion":"awkward"}},"id":"tipped_arrow"},{"components":{"intangible_projectile":{},"potion_contents":{"potion":"awkward"}},"id":"tipped_arrow"},{"components":{"intangible_projectile":{},"potion_contents":{"potion":"awkward"}},"id":"tipped_arrow"}]],"model":{"type":"select","property":"component","component":"enchantments","cases":[{"when":{"multishot":1},"model":{"type":"model","model":"item/better_bows/crossbow_tipped_arrow_2d_multishot","tints":[{"type":"constant","value":-1},{"type":"constant","value":3694022}]}}],"fallback":{"type":"model","model":"item/better_bows/crossbow_tipped_arrow_2d","tints":[{"type":"constant","value":-1},{"type":"constant","value":3694022}]}}}],"fallback":{"type":"select","property":"component","component":"enchantments","cases":[{"when":{"multishot":1},"model":{"type":"model","model":"item/better_bows/crossbow_arrow_2d_multishot"}}],"fallback":{"type":"model","model":"item/crossbow_arrow"}}}},{"when":"rocket","model":{"type":"select","property":"component","component":"enchantments","cases":[{"when":{"multishot":1},"model":{"type":"model","model":"item/better_bows/crossbow_firework_2d_multishot"}}],"fallback":{"type":"model","model":"item/crossbow_firework"}}}],"fallback":{"type":"condition","property":"using_item","on_false":{"type":"model","model":"item/crossbow"},"on_true":{"type":"range_dispatch","property":"crossbow/pull","entries":[{"threshold":0.58,"model":{"type":"model","model":"item/crossbow_pulling_1"}},{"threshold":1,"model":{"type":"model","model":"item/crossbow_pulling_2"}}],"fallback":{"type":"model","model":"item/crossbow_pulling_0"}}}}}],"fallback":{"type":"select","property":"charge_type","cases":[{"when":"arrow","model":{"type":"select","property":"component","component":"charged_projectiles","cases":[{"when":[[{"components":{"intangible_projectile":{}},"id":"spectral_arrow"}],[{"components":{"intangible_projectile":{}},"id":"spectral_arrow"},{"components":{"intangible_projectile":{}},"id":"spectral_arrow"},{"components":{"intangible_projectile":{}},"id":"spectral_arrow"}]],"model":{"type":"select","property":"component","component":"enchantments","cases":[{"when":{"multishot":1},"model":{"type":"composite","models":[{"type":"model","model":"item/better_bows/crossbow_spectral_arrow"},{"type":"model","model":"item/better_bows/crossbow_spectral_arrow_1"},{"type":"model","model":"item/better_bows/crossbow_spectral_arrow_2"}]}}],"fallback":{"type":"model","model":"item/better_bows/crossbow_spectral_arrow"}}},{"when":[[{"components":{"intangible_projectile":{},"potion_contents":{"potion":"night_vision"}},"id":"tipped_arrow"}],[{"components":{"intangible_projectile":{},"potion_contents":{"potion":"night_vision"}},"id":"tipped_arrow"},{"components":{"intangible_projectile":{},"potion_contents":{"potion":"night_vision"}},"id":"tipped_arrow"},{"components":{"intangible_projectile":{},"potion_contents":{"potion":"night_vision"}},"id":"tipped_arrow"}]],"model":{"type":"select","property":"component","component":"enchantments","cases":[{"when":{"multishot":1},"model":{"type":"composite","models":[{"type":"model","model":"item/better_bows/crossbow_tipped_arrow","tints":[{"type":"constant","value":12779366}]},{"type":"model","model":"item/better_bows/crossbow_tipped_arrow_1","tints":[{"type":"constant","value":12779366}]},{"type":"model","model":"item/better_bows/crossbow_tipped_arrow_2","tints":[{"type":"constant","value":12779366}]}]}}],"fallback":{"type":"model","model":"item/better_bows/crossbow_tipped_arrow","tints":[{"type":"constant","value":12779366}]}}},{"when":[[{"components":{"intangible_projectile":{},"potion_contents":{"potion":"long_night_vision"}},"id":"tipped_arrow"}],[{"components":{"intangible_projectile":{},"potion_contents":{"potion":"long_night_vision"}},"id":"tipped_arrow"},{"components":{"intangible_projectile":{},"potion_contents":{"potion":"long_night_vision"}},"id":"tipped_arrow"},{"components":{"intangible_projectile":{},"potion_contents":{"potion":"long_night_vision"}},"id":"tipped_arrow"}]],"model":{"type":"select","property":"component","component":"enchantments","cases":[{"when":{"multishot":1},"model":{"type":"composite","models":[{"type":"model","model":"item/better_bows/crossbow_tipped_arrow","tints":[{"type":"constant","value":12779366}]},{"type":"model","model":"item/better_bows/crossbow_tipped_arrow_1","tints":[{"type":"constant","value":12779366}]},{"type":"model","model":"item/better_bows/crossbow_tipped_arrow_2","tints":[{"type":"constant","value":12779366}]}]}}],"fallback":{"type":"model","model":"item/better_bows/crossbow_tipped_arrow","tints":[{"type":"constant","value":12779366}]}}},{"when":[[{"components":{"intangible_projectile":{},"potion_contents":{"potion":"invisibility"}},"id":"tipped_arrow"}],[{"components":{"intangible_projectile":{},"potion_contents":{"potion":"invisibility"}},"id":"tipped_arrow"},{"components":{"intangible_projectile":{},"potion_contents":{"potion":"invisibility"}},"id":"tipped_arrow"},{"components":{"intangible_projectile":{},"potion_contents":{"potion":"invisibility"}},"id":"tipped_arrow"}]],"model":{"type":"select","property":"component","component":"enchantments","cases":[{"when":{"multishot":1},"model":{"type":"composite","models":[{"type":"model","model":"item/better_bows/crossbow_tipped_arrow","tints":[{"type":"constant","value":16185078}]},{"type":"model","model":"item/better_bows/crossbow_tipped_arrow_1","tints":[{"type":"constant","value":16185078}]},{"type":"model","model":"item/better_bows/crossbow_tipped_arrow_2","tints":[{"type":"constant","value":16185078}]}]}}],"fallback":{"type":"model","model":"item/better_bows/crossbow_tipped_arrow","tints":[{"type":"constant","value":16185078}]}}},{"when":[[{"components":{"intangible_projectile":{},"potion_contents":{"potion":"long_invisibility"}},"id":"tipped_arrow"}],[{"components":{"intangible_projectile":{},"potion_contents":{"potion":"long_invisibility"}},"id":"tipped_arrow"},{"components":{"intangible_projectile":{},"potion_contents":{"potion":"long_invisibility"}},"id":"tipped_arrow"},{"components":{"intangible_projectile":{},"potion_contents":{"potion":"long_invisibility"}},"id":"tipped_arrow"}]],"model":{"type":"select","property":"component","component":"enchantments","cases":[{"when":{"multishot":1},"model":{"type":"composite","models":[{"type":"model","model":"item/better_bows/crossbow_tipped_arrow","tints":[{"type":"constant","value":16185078}]},{"type":"model","model":"item/better_bows/crossbow_tipped_arrow_1","tints":[{"type":"constant","value":16185078}]},{"type":"model","model":"item/better_bows/crossbow_tipped_arrow_2","tints":[{"type":"constant","value":16185078}]}]}}],"fallback":{"type":"model","model":"item/better_bows/crossbow_tipped_arrow","tints":[{"type":"constant","value":16185078}]}}},{"when":[[{"components":{"intangible_projectile":{},"potion_contents":{"potion":"leaping"}},"id":"tipped_arrow"}],[{"components":{"intangible_projectile":{},"potion_contents":{"potion":"leaping"}},"id":"tipped_arrow"},{"components":{"intangible_projectile":{},"potion_contents":{"potion":"leaping"}},"id":"tipped_arrow"},{"components":{"intangible_projectile":{},"potion_contents":{"potion":"leaping"}},"id":"tipped_arrow"}]],"model":{"type":"select","property":"component","component":"enchantments","cases":[{"when":{"multishot":1},"model":{"type":"composite","models":[{"type":"model","model":"item/better_bows/crossbow_tipped_arrow","tints":[{"type":"constant","value":16646020}]},{"type":"model","model":"item/better_bows/crossbow_tipped_arrow_1","tints":[{"type":"constant","value":16646020}]},{"type":"model","model":"item/better_bows/crossbow_tipped_arrow_2","tints":[{"type":"constant","value":16646020}]}]}}],"fallback":{"type":"model","model":"item/better_bows/crossbow_tipped_arrow","tints":[{"type":"constant","value":16646020}]}}},{"when":[[{"components":{"intangible_projectile":{},"potion_contents":{"potion":"long_leaping"}},"id":"tipped_arrow"}],[{"components":{"intangible_projectile":{},"potion_contents":{"potion":"long_leaping"}},"id":"tipped_arrow"},{"components":{"intangible_projectile":{},"potion_contents":{"potion":"long_leaping"}},"id":"tipped_arrow"},{"components":{"intangible_projectile":{},"potion_contents":{"potion":"long_leaping"}},"id":"tipped_arrow"}]],"model":{"type":"select","property":"component","component":"enchantments","cases":[{"when":{"multishot":1},"model":{"type":"composite","models":[{"type":"model","model":"item/better_bows/crossbow_tipped_arrow","tints":[{"type":"constant","value":16646020}]},{"type":"model","model":"item/better_bows/crossbow_tipped_arrow_1","tints":[{"type":"constant","value":16646020}]},{"type":"model","model":"item/better_bows/crossbow_tipped_arrow_2","tints":[{"type":"constant","value":16646020}]}]}}],"fallback":{"type":"model","model":"item/better_bows/crossbow_tipped_arrow","tints":[{"type":"constant","value":16646020}]}}},{"when":[[{"components":{"intangible_projectile":{},"potion_contents":{"potion":"strong_leaping"}},"id":"tipped_arrow"}],[{"components":{"intangible_projectile":{},"potion_contents":{"potion":"strong_leaping"}},"id":"tipped_arrow"},{"components":{"intangible_projectile":{},"potion_contents":{"potion":"strong_leaping"}},"id":"tipped_arrow"},{"components":{"intangible_projectile":{},"potion_contents":{"potion":"strong_leaping"}},"id":"tipped_arrow"}]],"model":{"type":"select","property":"component","component":"enchantments","cases":[{"when":{"multishot":1},"model":{"type":"composite","models":[{"type":"model","model":"item/better_bows/crossbow_tipped_arrow","tints":[{"type":"constant","value":16646020}]},{"type":"model","model":"item/better_bows/crossbow_tipped_arrow_1","tints":[{"type":"constant","value":16646020}]},{"type":"model","model":"item/better_bows/crossbow_tipped_arrow_2","tints":[{"type":"constant","value":16646020}]}]}}],"fallback":{"type":"model","model":"item/better_bows/crossbow_tipped_arrow","tints":[{"type":"constant","value":16646020}]}}},{"when":[[{"components":{"intangible_projectile":{},"potion_contents":{"potion":"fire_resistance"}},"id":"tipped_arrow"}],[{"components":{"intangible_projectile":{},"potion_contents":{"potion":"fire_resistance"}},"id":"tipped_arrow"},{"components":{"intangible_projectile":{},"potion_contents":{"potion":"fire_resistance"}},"id":"tipped_arrow"},{"components":{"intangible_projectile":{},"potion_contents":{"potion":"fire_resistance"}},"id":"tipped_arrow"}]],"model":{"type":"select","property":"component","component":"enchantments","cases":[{"when":{"multishot":1},"model":{"type":"composite","models":[{"type":"model","model":"item/better_bows/crossbow_tipped_arrow","tints":[{"type":"constant","value":16750848}]},{"type":"model","model":"item/better_bows/crossbow_tipped_arrow_1","tints":[{"type":"constant","value":16750848}]},{"type":"model","model":"item/better_bows/crossbow_tipped_arrow_2","tints":[{"type":"constant","value":16750848}]}]}}],"fallback":{"type":"model","model":"item/better_bows/crossbow_tipped_arrow","tints":[{"type":"constant","value":16750848}]}}},{"when":[[{"components":{"intangible_projectile":{},"potion_contents":{"potion":"long_fire_resistance"}},"id":"tipped_arrow"}],[{"components":{"intangible_projectile":{},"potion_contents":{"potion":"long_fire_resistance"}},"id":"tipped_arrow"},{"components":{"intangible_projectile":{},"potion_contents":{"potion":"long_fire_resistance"}},"id":"tipped_arrow"},{"components":{"intangible_projectile":{},"potion_contents":{"potion":"long_fire_resistance"}},"id":"tipped_arrow"}]],"model":{"type":"select","property":"component","component":"enchantments","cases":[{"when":{"multishot":1},"model":{"type":"composite","models":[{"type":"model","model":"item/better_bows/crossbow_tipped_arrow","tints":[{"type":"constant","value":16750848}]},{"type":"model","model":"item/better_bows/crossbow_tipped_arrow_1","tints":[{"type":"constant","value":16750848}]},{"type":"model","model":"item/better_bows/crossbow_tipped_arrow_2","tints":[{"type":"constant","value":16750848}]}]}}],"fallback":{"type":"model","model":"item/better_bows/crossbow_tipped_arrow","tints":[{"type":"constant","value":16750848}]}}},{"when":[[{"components":{"intangible_projectile":{},"potion_contents":{"potion":"swiftness"}},"id":"tipped_arrow"}],[{"components":{"intangible_projectile":{},"potion_contents":{"potion":"swiftness"}},"id":"tipped_arrow"},{"components":{"intangible_projectile":{},"potion_contents":{"potion":"swiftness"}},"id":"tipped_arrow"},{"components":{"intangible_projectile":{},"potion_contents":{"potion":"swiftness"}},"id":"tipped_arrow"}]],"model":{"type":"select","property":"component","component":"enchantments","cases":[{"when":{"multishot":1},"model":{"type":"composite","models":[{"type":"model","model":"item/better_bows/crossbow_tipped_arrow","tints":[{"type":"constant","value":3402751}]},{"type":"model","model":"item/better_bows/crossbow_tipped_arrow_1","tints":[{"type":"constant","value":3402751}]},{"type":"model","model":"item/better_bows/crossbow_tipped_arrow_2","tints":[{"type":"constant","value":3402751}]}]}}],"fallback":{"type":"model","model":"item/better_bows/crossbow_tipped_arrow","tints":[{"type":"constant","value":3402751}]}}},{"when":[[{"components":{"intangible_projectile":{},"potion_contents":{"potion":"long_swiftness"}},"id":"tipped_arrow"}],[{"components":{"intangible_projectile":{},"potion_contents":{"potion":"long_swiftness"}},"id":"tipped_arrow"},{"components":{"intangible_projectile":{},"potion_contents":{"potion":"long_swiftness"}},"id":"tipped_arrow"},{"components":{"intangible_projectile":{},"potion_contents":{"potion":"long_swiftness"}},"id":"tipped_arrow"}]],"model":{"type":"select","property":"component","component":"enchantments","cases":[{"when":{"multishot":1},"model":{"type":"composite","models":[{"type":"model","model":"item/better_bows/crossbow_tipped_arrow","tints":[{"type":"constant","value":3402751}]},{"type":"model","model":"item/better_bows/crossbow_tipped_arrow_1","tints":[{"type":"constant","value":3402751}]},{"type":"model","model":"item/better_bows/crossbow_tipped_arrow_2","tints":[{"type":"constant","value":3402751}]}]}}],"fallback":{"type":"model","model":"item/better_bows/crossbow_tipped_arrow","tints":[{"type":"constant","value":3402751}]}}},{"when":[[{"components":{"intangible_projectile":{},"potion_contents":{"potion":"strong_swiftness"}},"id":"tipped_arrow"}],[{"components":{"intangible_projectile":{},"potion_contents":{"potion":"strong_swiftness"}},"id":"tipped_arrow"},{"components":{"intangible_projectile":{},"potion_contents":{"potion":"strong_swiftness"}},"id":"tipped_arrow"},{"components":{"intangible_projectile":{},"potion_contents":{"potion":"strong_swiftness"}},"id":"tipped_arrow"}]],"model":{"type":"select","property":"component","component":"enchantments","cases":[{"when":{"multishot":1},"model":{"type":"composite","models":[{"type":"model","model":"item/better_bows/crossbow_tipped_arrow","tints":[{"type":"constant","value":3402751}]},{"type":"model","model":"item/better_bows/crossbow_tipped_arrow_1","tints":[{"type":"constant","value":3402751}]},{"type":"model","model":"item/better_bows/crossbow_tipped_arrow_2","tints":[{"type":"constant","value":3402751}]}]}}],"fallback":{"type":"model","model":"item/better_bows/crossbow_tipped_arrow","tints":[{"type":"constant","value":3402751}]}}},{"when":[[{"components":{"intangible_projectile":{},"potion_contents":{"potion":"slowness"}},"id":"tipped_arrow"}],[{"components":{"intangible_projectile":{},"potion_contents":{"potion":"slowness"}},"id":"tipped_arrow"},{"components":{"intangible_projectile":{},"potion_contents":{"potion":"slowness"}},"id":"tipped_arrow"},{"components":{"intangible_projectile":{},"potion_contents":{"potion":"slowness"}},"id":"tipped_arrow"}]],"model":{"type":"select","property":"component","component":"enchantments","cases":[{"when":{"multishot":1},"model":{"type":"composite","models":[{"type":"model","model":"item/better_bows/crossbow_tipped_arrow","tints":[{"type":"constant","value":9154528}]},{"type":"model","model":"item/better_bows/crossbow_tipped_arrow_1","tints":[{"type":"constant","value":9154528}]},{"type":"model","model":"item/better_bows/crossbow_tipped_arrow_2","tints":[{"type":"constant","value":9154528}]}]}}],"fallback":{"type":"model","model":"item/better_bows/crossbow_tipped_arrow","tints":[{"type":"constant","value":9154528}]}}},{"when":[[{"components":{"intangible_projectile":{},"potion_contents":{"potion":"long_slowness"}},"id":"tipped_arrow"}],[{"components":{"intangible_projectile":{},"potion_contents":{"potion":"long_slowness"}},"id":"tipped_arrow"},{"components":{"intangible_projectile":{},"potion_contents":{"potion":"long_slowness"}},"id":"tipped_arrow"},{"components":{"intangible_projectile":{},"potion_contents":{"potion":"long_slowness"}},"id":"tipped_arrow"}]],"model":{"type":"select","property":"component","component":"enchantments","cases":[{"when":{"multishot":1},"model":{"type":"composite","models":[{"type":"model","model":"item/better_bows/crossbow_tipped_arrow","tints":[{"type":"constant","value":9154528}]},{"type":"model","model":"item/better_bows/crossbow_tipped_arrow_1","tints":[{"type":"constant","value":9154528}]},{"type":"model","model":"item/better_bows/crossbow_tipped_arrow_2","tints":[{"type":"constant","value":9154528}]}]}}],"fallback":{"type":"model","model":"item/better_bows/crossbow_tipped_arrow","tints":[{"type":"constant","value":9154528}]}}},{"when":[[{"components":{"intangible_projectile":{},"potion_contents":{"potion":"strong_slowness"}},"id":"tipped_arrow"}],[{"components":{"intangible_projectile":{},"potion_contents":{"potion":"strong_slowness"}},"id":"tipped_arrow"},{"components":{"intangible_projectile":{},"potion_contents":{"potion":"strong_slowness"}},"id":"tipped_arrow"},{"components":{"intangible_projectile":{},"potion_contents":{"potion":"strong_slowness"}},"id":"tipped_arrow"}]],"model":{"type":"select","property":"component","component":"enchantments","cases":[{"when":{"multishot":1},"model":{"type":"composite","models":[{"type":"model","model":"item/better_bows/crossbow_tipped_arrow","tints":[{"type":"constant","value":9154528}]},{"type":"model","model":"item/better_bows/crossbow_tipped_arrow_1","tints":[{"type":"constant","value":9154528}]},{"type":"model","model":"item/better_bows/crossbow_tipped_arrow_2","tints":[{"type":"constant","value":9154528}]}]}}],"fallback":{"type":"model","model":"item/better_bows/crossbow_tipped_arrow","tints":[{"type":"constant","value":9154528}]}}},{"when":[[{"components":{"intangible_projectile":{},"potion_contents":{"potion":"turtle_master"}},"id":"tipped_arrow"}],[{"components":{"intangible_projectile":{},"potion_contents":{"potion":"turtle_master"}},"id":"tipped_arrow"},{"components":{"intangible_projectile":{},"potion_contents":{"potion":"turtle_master"}},"id":"tipped_arrow"},{"components":{"intangible_projectile":{},"potion_contents":{"potion":"turtle_master"}},"id":"tipped_arrow"}]],"model":{"type":"select","property":"component","component":"enchantments","cases":[{"when":{"multishot":1},"model":{"type":"composite","models":[{"type":"model","model":"item/better_bows/crossbow_tipped_arrow","tints":[{"type":"constant","value":9337576}]},{"type":"model","model":"item/better_bows/crossbow_tipped_arrow_1","tints":[{"type":"constant","value":9337576}]},{"type":"model","model":"item/better_bows/crossbow_tipped_arrow_2","tints":[{"type":"constant","value":9337576}]}]}}],"fallback":{"type":"model","model":"item/better_bows/crossbow_tipped_arrow","tints":[{"type":"constant","value":9337576}]}}},{"when":[[{"components":{"intangible_projectile":{},"potion_contents":{"potion":"long_turtle_master"}},"id":"tipped_arrow"}],[{"components":{"intangible_projectile":{},"potion_contents":{"potion":"long_turtle_master"}},"id":"tipped_arrow"},{"components":{"intangible_projectile":{},"potion_contents":{"potion":"long_turtle_master"}},"id":"tipped_arrow"},{"components":{"intangible_projectile":{},"potion_contents":{"potion":"long_turtle_master"}},"id":"tipped_arrow"}]],"model":{"type":"select","property":"component","component":"enchantments","cases":[{"when":{"multishot":1},"model":{"type":"composite","models":[{"type":"model","model":"item/better_bows/crossbow_tipped_arrow","tints":[{"type":"constant","value":9337576}]},{"type":"model","model":"item/better_bows/crossbow_tipped_arrow_1","tints":[{"type":"constant","value":9337576}]},{"type":"model","model":"item/better_bows/crossbow_tipped_arrow_2","tints":[{"type":"constant","value":9337576}]}]}}],"fallback":{"type":"model","model":"item/better_bows/crossbow_tipped_arrow","tints":[{"type":"constant","value":9337576}]}}},{"when":[[{"components":{"intangible_projectile":{},"potion_contents":{"potion":"strong_turtle_master"}},"id":"tipped_arrow"}],[{"components":{"intangible_projectile":{},"potion_contents":{"potion":"strong_turtle_master"}},"id":"tipped_arrow"},{"components":{"intangible_projectile":{},"potion_contents":{"potion":"strong_turtle_master"}},"id":"tipped_arrow"},{"components":{"intangible_projectile":{},"potion_contents":{"potion":"strong_turtle_master"}},"id":"tipped_arrow"}]],"model":{"type":"select","property":"component","component":"enchantments","cases":[{"when":{"multishot":1},"model":{"type":"composite","models":[{"type":"model","model":"item/better_bows/crossbow_tipped_arrow","tints":[{"type":"constant","value":9337576}]},{"type":"model","model":"item/better_bows/crossbow_tipped_arrow_1","tints":[{"type":"constant","value":9337576}]},{"type":"model","model":"item/better_bows/crossbow_tipped_arrow_2","tints":[{"type":"constant","value":9337576}]}]}}],"fallback":{"type":"model","model":"item/better_bows/crossbow_tipped_arrow","tints":[{"type":"constant","value":9337576}]}}},{"when":[[{"components":{"intangible_projectile":{},"potion_contents":{"potion":"water_breathing"}},"id":"tipped_arrow"}],[{"components":{"intangible_projectile":{},"potion_contents":{"potion":"water_breathing"}},"id":"tipped_arrow"},{"components":{"intangible_projectile":{},"potion_contents":{"potion":"water_breathing"}},"id":"tipped_arrow"},{"components":{"intangible_projectile":{},"potion_contents":{"potion":"water_breathing"}},"id":"tipped_arrow"}]],"model":{"type":"select","property":"component","component":"enchantments","cases":[{"when":{"multishot":1},"model":{"type":"composite","models":[{"type":"model","model":"item/better_bows/crossbow_tipped_arrow","tints":[{"type":"constant","value":10017472}]},{"type":"model","model":"item/better_bows/crossbow_tipped_arrow_1","tints":[{"type":"constant","value":10017472}]},{"type":"model","model":"item/better_bows/crossbow_tipped_arrow_2","tints":[{"type":"constant","value":10017472}]}]}}],"fallback":{"type":"model","model":"item/better_bows/crossbow_tipped_arrow","tints":[{"type":"constant","value":10017472}]}}},{"when":[[{"components":{"intangible_projectile":{},"potion_contents":{"potion":"long_water_breathing"}},"id":"tipped_arrow"}],[{"components":{"intangible_projectile":{},"potion_contents":{"potion":"long_water_breathing"}},"id":"tipped_arrow"},{"components":{"intangible_projectile":{},"potion_contents":{"potion":"long_water_breathing"}},"id":"tipped_arrow"},{"components":{"intangible_projectile":{},"potion_contents":{"potion":"long_water_breathing"}},"id":"tipped_arrow"}]],"model":{"type":"select","property":"component","component":"enchantments","cases":[{"when":{"multishot":1},"model":{"type":"composite","models":[{"type":"model","model":"item/better_bows/crossbow_tipped_arrow","tints":[{"type":"constant","value":10017472}]},{"type":"model","model":"item/better_bows/crossbow_tipped_arrow_1","tints":[{"type":"constant","value":10017472}]},{"type":"model","model":"item/better_bows/crossbow_tipped_arrow_2","tints":[{"type":"constant","value":10017472}]}]}}],"fallback":{"type":"model","model":"item/better_bows/crossbow_tipped_arrow","tints":[{"type":"constant","value":10017472}]}}},{"when":[[{"components":{"intangible_projectile":{},"potion_contents":{"potion":"healing"}},"id":"tipped_arrow"}],[{"components":{"intangible_projectile":{},"potion_contents":{"potion":"healing"}},"id":"tipped_arrow"},{"components":{"intangible_projectile":{},"potion_contents":{"potion":"healing"}},"id":"tipped_arrow"},{"components":{"intangible_projectile":{},"potion_contents":{"potion":"healing"}},"id":"tipped_arrow"}]],"model":{"type":"select","property":"component","component":"enchantments","cases":[{"when":{"multishot":1},"model":{"type":"composite","models":[{"type":"model","model":"item/better_bows/crossbow_tipped_arrow","tints":[{"type":"constant","value":16262179}]},{"type":"model","model":"item/better_bows/crossbow_tipped_arrow_1","tints":[{"type":"constant","value":16262179}]},{"type":"model","model":"item/better_bows/crossbow_tipped_arrow_2","tints":[{"type":"constant","value":16262179}]}]}}],"fallback":{"type":"model","model":"item/better_bows/crossbow_tipped_arrow","tints":[{"type":"constant","value":16262179}]}}},{"when":[[{"components":{"intangible_projectile":{},"potion_contents":{"potion":"strong_healing"}},"id":"tipped_arrow"}],[{"components":{"intangible_projectile":{},"potion_contents":{"potion":"strong_healing"}},"id":"tipped_arrow"},{"components":{"intangible_projectile":{},"potion_contents":{"potion":"strong_healing"}},"id":"tipped_arrow"},{"components":{"intangible_projectile":{},"potion_contents":{"potion":"strong_healing"}},"id":"tipped_arrow"}]],"model":{"type":"select","property":"component","component":"enchantments","cases":[{"when":{"multishot":1},"model":{"type":"composite","models":[{"type":"model","model":"item/better_bows/crossbow_tipped_arrow","tints":[{"type":"constant","value":16262179}]},{"type":"model","model":"item/better_bows/crossbow_tipped_arrow_1","tints":[{"type":"constant","value":16262179}]},{"type":"model","model":"item/better_bows/crossbow_tipped_arrow_2","tints":[{"type":"constant","value":16262179}]}]}}],"fallback":{"type":"model","model":"item/better_bows/crossbow_tipped_arrow","tints":[{"type":"constant","value":16262179}]}}},{"when":[[{"components":{"intangible_projectile":{},"potion_contents":{"potion":"harming"}},"id":"tipped_arrow"}],[{"components":{"intangible_projectile":{},"potion_contents":{"potion":"harming"}},"id":"tipped_arrow"},{"components":{"intangible_projectile":{},"potion_contents":{"potion":"harming"}},"id":"tipped_arrow"},{"components":{"intangible_projectile":{},"potion_contents":{"potion":"harming"}},"id":"tipped_arrow"}]],"model":{"type":"select","property":"component","component":"enchantments","cases":[{"when":{"multishot":1},"model":{"type":"composite","models":[{"type":"model","model":"item/better_bows/crossbow_tipped_arrow","tints":[{"type":"constant","value":11101546}]},{"type":"model","model":"item/better_bows/crossbow_tipped_arrow_1","tints":[{"type":"constant","value":11101546}]},{"type":"model","model":"item/better_bows/crossbow_tipped_arrow_2","tints":[{"type":"constant","value":11101546}]}]}}],"fallback":{"type":"model","model":"item/better_bows/crossbow_tipped_arrow","tints":[{"type":"constant","value":11101546}]}}},{"when":[[{"components":{"intangible_projectile":{},"potion_contents":{"potion":"strong_harming"}},"id":"tipped_arrow"}],[{"components":{"intangible_projectile":{},"potion_contents":{"potion":"strong_harming"}},"id":"tipped_arrow"},{"components":{"intangible_projectile":{},"potion_contents":{"potion":"strong_harming"}},"id":"tipped_arrow"},{"components":{"intangible_projectile":{},"potion_contents":{"potion":"strong_harming"}},"id":"tipped_arrow"}]],"model":{"type":"select","property":"component","component":"enchantments","cases":[{"when":{"multishot":1},"model":{"type":"composite","models":[{"type":"model","model":"item/better_bows/crossbow_tipped_arrow","tints":[{"type":"constant","value":11101546}]},{"type":"model","model":"item/better_bows/crossbow_tipped_arrow_1","tints":[{"type":"constant","value":11101546}]},{"type":"model","model":"item/better_bows/crossbow_tipped_arrow_2","tints":[{"type":"constant","value":11101546}]}]}}],"fallback":{"type":"model","model":"item/better_bows/crossbow_tipped_arrow","tints":[{"type":"constant","value":11101546}]}}},{"when":[[{"components":{"intangible_projectile":{},"potion_contents":{"potion":"poison"}},"id":"tipped_arrow"}],[{"components":{"intangible_projectile":{},"potion_contents":{"potion":"poison"}},"id":"tipped_arrow"},{"components":{"intangible_projectile":{},"potion_contents":{"potion":"poison"}},"id":"tipped_arrow"},{"components":{"intangible_projectile":{},"potion_contents":{"potion":"poison"}},"id":"tipped_arrow"}]],"model":{"type":"select","property":"component","component":"enchantments","cases":[{"when":{"multishot":1},"model":{"type":"composite","models":[{"type":"model","model":"item/better_bows/crossbow_tipped_arrow","tints":[{"type":"constant","value":8889187}]},{"type":"model","model":"item/better_bows/crossbow_tipped_arrow_1","tints":[{"type":"constant","value":8889187}]},{"type":"model","model":"item/better_bows/crossbow_tipped_arrow_2","tints":[{"type":"constant","value":8889187}]}]}}],"fallback":{"type":"model","model":"item/better_bows/crossbow_tipped_arrow","tints":[{"type":"constant","value":8889187}]}}},{"when":[[{"components":{"intangible_projectile":{},"potion_contents":{"potion":"long_poison"}},"id":"tipped_arrow"}],[{"components":{"intangible_projectile":{},"potion_contents":{"potion":"long_poison"}},"id":"tipped_arrow"},{"components":{"intangible_projectile":{},"potion_contents":{"potion":"long_poison"}},"id":"tipped_arrow"},{"components":{"intangible_projectile":{},"potion_contents":{"potion":"long_poison"}},"id":"tipped_arrow"}]],"model":{"type":"select","property":"component","component":"enchantments","cases":[{"when":{"multishot":1},"model":{"type":"composite","models":[{"type":"model","model":"item/better_bows/crossbow_tipped_arrow","tints":[{"type":"constant","value":8889187}]},{"type":"model","model":"item/better_bows/crossbow_tipped_arrow_1","tints":[{"type":"constant","value":8889187}]},{"type":"model","model":"item/better_bows/crossbow_tipped_arrow_2","tints":[{"type":"constant","value":8889187}]}]}}],"fallback":{"type":"model","model":"item/better_bows/crossbow_tipped_arrow","tints":[{"type":"constant","value":8889187}]}}},{"when":[[{"components":{"intangible_projectile":{},"potion_contents":{"potion":"strong_poison"}},"id":"tipped_arrow"}],[{"components":{"intangible_projectile":{},"potion_contents":{"potion":"strong_poison"}},"id":"tipped_arrow"},{"components":{"intangible_projectile":{},"potion_contents":{"potion":"strong_poison"}},"id":"tipped_arrow"},{"components":{"intangible_projectile":{},"potion_contents":{"potion":"strong_poison"}},"id":"tipped_arrow"}]],"model":{"type":"select","property":"component","component":"enchantments","cases":[{"when":{"multishot":1},"model":{"type":"composite","models":[{"type":"model","model":"item/better_bows/crossbow_tipped_arrow","tints":[{"type":"constant","value":8889187}]},{"type":"model","model":"item/better_bows/crossbow_tipped_arrow_1","tints":[{"type":"constant","value":8889187}]},{"type":"model","model":"item/better_bows/crossbow_tipped_arrow_2","tints":[{"type":"constant","value":8889187}]}]}}],"fallback":{"type":"model","model":"item/better_bows/crossbow_tipped_arrow","tints":[{"type":"constant","value":8889187}]}}},{"when":[[{"components":{"intangible_projectile":{},"potion_contents":{"potion":"regeneration"}},"id":"tipped_arrow"}],[{"components":{"intangible_projectile":{},"potion_contents":{"potion":"regeneration"}},"id":"tipped_arrow"},{"components":{"intangible_projectile":{},"potion_contents":{"potion":"regeneration"}},"id":"tipped_arrow"},{"components":{"intangible_projectile":{},"potion_contents":{"potion":"regeneration"}},"id":"tipped_arrow"}]],"model":{"type":"select","property":"component","component":"enchantments","cases":[{"when":{"multishot":1},"model":{"type":"composite","models":[{"type":"model","model":"item/better_bows/crossbow_tipped_arrow","tints":[{"type":"constant","value":13458603}]},{"type":"model","model":"item/better_bows/crossbow_tipped_arrow_1","tints":[{"type":"constant","value":13458603}]},{"type":"model","model":"item/better_bows/crossbow_tipped_arrow_2","tints":[{"type":"constant","value":13458603}]}]}}],"fallback":{"type":"model","model":"item/better_bows/crossbow_tipped_arrow","tints":[{"type":"constant","value":13458603}]}}},{"when":[[{"components":{"intangible_projectile":{},"potion_contents":{"potion":"long_regeneration"}},"id":"tipped_arrow"}],[{"components":{"intangible_projectile":{},"potion_contents":{"potion":"long_regeneration"}},"id":"tipped_arrow"},{"components":{"intangible_projectile":{},"potion_contents":{"potion":"long_regeneration"}},"id":"tipped_arrow"},{"components":{"intangible_projectile":{},"potion_contents":{"potion":"long_regeneration"}},"id":"tipped_arrow"}]],"model":{"type":"select","property":"component","component":"enchantments","cases":[{"when":{"multishot":1},"model":{"type":"composite","models":[{"type":"model","model":"item/better_bows/crossbow_tipped_arrow","tints":[{"type":"constant","value":13458603}]},{"type":"model","model":"item/better_bows/crossbow_tipped_arrow_1","tints":[{"type":"constant","value":13458603}]},{"type":"model","model":"item/better_bows/crossbow_tipped_arrow_2","tints":[{"type":"constant","value":13458603}]}]}}],"fallback":{"type":"model","model":"item/better_bows/crossbow_tipped_arrow","tints":[{"type":"constant","value":13458603}]}}},{"when":[[{"components":{"intangible_projectile":{},"potion_contents":{"potion":"strong_regeneration"}},"id":"tipped_arrow"}],[{"components":{"intangible_projectile":{},"potion_contents":{"potion":"strong_regeneration"}},"id":"tipped_arrow"},{"components":{"intangible_projectile":{},"potion_contents":{"potion":"strong_regeneration"}},"id":"tipped_arrow"},{"components":{"intangible_projectile":{},"potion_contents":{"potion":"strong_regeneration"}},"id":"tipped_arrow"}]],"model":{"type":"select","property":"component","component":"enchantments","cases":[{"when":{"multishot":1},"model":{"type":"composite","models":[{"type":"model","model":"item/better_bows/crossbow_tipped_arrow","tints":[{"type":"constant","value":13458603}]},{"type":"model","model":"item/better_bows/crossbow_tipped_arrow_1","tints":[{"type":"constant","value":13458603}]},{"type":"model","model":"item/better_bows/crossbow_tipped_arrow_2","tints":[{"type":"constant","value":13458603}]}]}}],"fallback":{"type":"model","model":"item/better_bows/crossbow_tipped_arrow","tints":[{"type":"constant","value":13458603}]}}},{"when":[[{"components":{"intangible_projectile":{},"potion_contents":{"potion":"strength"}},"id":"tipped_arrow"}],[{"components":{"intangible_projectile":{},"potion_contents":{"potion":"strength"}},"id":"tipped_arrow"},{"components":{"intangible_projectile":{},"potion_contents":{"potion":"strength"}},"id":"tipped_arrow"},{"components":{"intangible_projectile":{},"potion_contents":{"potion":"strength"}},"id":"tipped_arrow"}]],"model":{"type":"select","property":"component","component":"enchantments","cases":[{"when":{"multishot":1},"model":{"type":"composite","models":[{"type":"model","model":"item/better_bows/crossbow_tipped_arrow","tints":[{"type":"constant","value":16762624}]},{"type":"model","model":"item/better_bows/crossbow_tipped_arrow_1","tints":[{"type":"constant","value":16762624}]},{"type":"model","model":"item/better_bows/crossbow_tipped_arrow_2","tints":[{"type":"constant","value":16762624}]}]}}],"fallback":{"type":"model","model":"item/better_bows/crossbow_tipped_arrow","tints":[{"type":"constant","value":16762624}]}}},{"when":[[{"components":{"intangible_projectile":{},"potion_contents":{"potion":"long_strength"}},"id":"tipped_arrow"}],[{"components":{"intangible_projectile":{},"potion_contents":{"potion":"long_strength"}},"id":"tipped_arrow"},{"components":{"intangible_projectile":{},"potion_contents":{"potion":"long_strength"}},"id":"tipped_arrow"},{"components":{"intangible_projectile":{},"potion_contents":{"potion":"long_strength"}},"id":"tipped_arrow"}]],"model":{"type":"select","property":"component","component":"enchantments","cases":[{"when":{"multishot":1},"model":{"type":"composite","models":[{"type":"model","model":"item/better_bows/crossbow_tipped_arrow","tints":[{"type":"constant","value":16762624}]},{"type":"model","model":"item/better_bows/crossbow_tipped_arrow_1","tints":[{"type":"constant","value":16762624}]},{"type":"model","model":"item/better_bows/crossbow_tipped_arrow_2","tints":[{"type":"constant","value":16762624}]}]}}],"fallback":{"type":"model","model":"item/better_bows/crossbow_tipped_arrow","tints":[{"type":"constant","value":16762624}]}}},{"when":[[{"components":{"intangible_projectile":{},"potion_contents":{"potion":"strong_strength"}},"id":"tipped_arrow"}],[{"components":{"intangible_projectile":{},"potion_contents":{"potion":"strong_strength"}},"id":"tipped_arrow"},{"components":{"intangible_projectile":{},"potion_contents":{"potion":"strong_strength"}},"id":"tipped_arrow"},{"components":{"intangible_projectile":{},"potion_contents":{"potion":"strong_strength"}},"id":"tipped_arrow"}]],"model":{"type":"select","property":"component","component":"enchantments","cases":[{"when":{"multishot":1},"model":{"type":"composite","models":[{"type":"model","model":"item/better_bows/crossbow_tipped_arrow","tints":[{"type":"constant","value":16762624}]},{"type":"model","model":"item/better_bows/crossbow_tipped_arrow_1","tints":[{"type":"constant","value":16762624}]},{"type":"model","model":"item/better_bows/crossbow_tipped_arrow_2","tints":[{"type":"constant","value":16762624}]}]}}],"fallback":{"type":"model","model":"item/better_bows/crossbow_tipped_arrow","tints":[{"type":"constant","value":16762624}]}}},{"when":[[{"components":{"intangible_projectile":{},"potion_contents":{"potion":"weakness"}},"id":"tipped_arrow"}],[{"components":{"intangible_projectile":{},"potion_contents":{"potion":"weakness"}},"id":"tipped_arrow"},{"components":{"intangible_projectile":{},"potion_contents":{"potion":"weakness"}},"id":"tipped_arrow"},{"components":{"intangible_projectile":{},"potion_contents":{"potion":"weakness"}},"id":"tipped_arrow"}]],"model":{"type":"select","property":"component","component":"enchantments","cases":[{"when":{"multishot":1},"model":{"type":"composite","models":[{"type":"model","model":"item/better_bows/crossbow_tipped_arrow","tints":[{"type":"constant","value":4738376}]},{"type":"model","model":"item/better_bows/crossbow_tipped_arrow_1","tints":[{"type":"constant","value":4738376}]},{"type":"model","model":"item/better_bows/crossbow_tipped_arrow_2","tints":[{"type":"constant","value":4738376}]}]}}],"fallback":{"type":"model","model":"item/better_bows/crossbow_tipped_arrow","tints":[{"type":"constant","value":4738376}]}}},{"when":[[{"components":{"intangible_projectile":{},"potion_contents":{"potion":"long_weakness"}},"id":"tipped_arrow"}],[{"components":{"intangible_projectile":{},"potion_contents":{"potion":"long_weakness"}},"id":"tipped_arrow"},{"components":{"intangible_projectile":{},"potion_contents":{"potion":"long_weakness"}},"id":"tipped_arrow"},{"components":{"intangible_projectile":{},"potion_contents":{"potion":"long_weakness"}},"id":"tipped_arrow"}]],"model":{"type":"select","property":"component","component":"enchantments","cases":[{"when":{"multishot":1},"model":{"type":"composite","models":[{"type":"model","model":"item/better_bows/crossbow_tipped_arrow","tints":[{"type":"constant","value":4738376}]},{"type":"model","model":"item/better_bows/crossbow_tipped_arrow_1","tints":[{"type":"constant","value":4738376}]},{"type":"model","model":"item/better_bows/crossbow_tipped_arrow_2","tints":[{"type":"constant","value":4738376}]}]}}],"fallback":{"type":"model","model":"item/better_bows/crossbow_tipped_arrow","tints":[{"type":"constant","value":4738376}]}}},{"when":[[{"components":{"intangible_projectile":{},"potion_contents":{"potion":"luck"}},"id":"tipped_arrow"}],[{"components":{"intangible_projectile":{},"potion_contents":{"potion":"luck"}},"id":"tipped_arrow"},{"components":{"intangible_projectile":{},"potion_contents":{"potion":"luck"}},"id":"tipped_arrow"},{"components":{"intangible_projectile":{},"potion_contents":{"potion":"luck"}},"id":"tipped_arrow"}]],"model":{"type":"select","property":"component","component":"enchantments","cases":[{"when":{"multishot":1},"model":{"type":"composite","models":[{"type":"model","model":"item/better_bows/crossbow_tipped_arrow","tints":[{"type":"constant","value":5882118}]},{"type":"model","model":"item/better_bows/crossbow_tipped_arrow_1","tints":[{"type":"constant","value":5882118}]},{"type":"model","model":"item/better_bows/crossbow_tipped_arrow_2","tints":[{"type":"constant","value":5882118}]}]}}],"fallback":{"type":"model","model":"item/better_bows/crossbow_tipped_arrow","tints":[{"type":"constant","value":5882118}]}}},{"when":[[{"components":{"intangible_projectile":{},"potion_contents":{"potion":"slow_falling"}},"id":"tipped_arrow"}],[{"components":{"intangible_projectile":{},"potion_contents":{"potion":"slow_falling"}},"id":"tipped_arrow"},{"components":{"intangible_projectile":{},"potion_contents":{"potion":"slow_falling"}},"id":"tipped_arrow"},{"components":{"intangible_projectile":{},"potion_contents":{"potion":"slow_falling"}},"id":"tipped_arrow"}]],"model":{"type":"select","property":"component","component":"enchantments","cases":[{"when":{"multishot":1},"model":{"type":"composite","models":[{"type":"model","model":"item/better_bows/crossbow_tipped_arrow","tints":[{"type":"constant","value":15978425}]},{"type":"model","model":"item/better_bows/crossbow_tipped_arrow_1","tints":[{"type":"constant","value":15978425}]},{"type":"model","model":"item/better_bows/crossbow_tipped_arrow_2","tints":[{"type":"constant","value":15978425}]}]}}],"fallback":{"type":"model","model":"item/better_bows/crossbow_tipped_arrow","tints":[{"type":"constant","value":15978425}]}}},{"when":[[{"components":{"intangible_projectile":{},"potion_contents":{"potion":"long_slow_falling"}},"id":"tipped_arrow"}],[{"components":{"intangible_projectile":{},"potion_contents":{"potion":"long_slow_falling"}},"id":"tipped_arrow"},{"components":{"intangible_projectile":{},"potion_contents":{"potion":"long_slow_falling"}},"id":"tipped_arrow"},{"components":{"intangible_projectile":{},"potion_contents":{"potion":"long_slow_falling"}},"id":"tipped_arrow"}]],"model":{"type":"select","property":"component","component":"enchantments","cases":[{"when":{"multishot":1},"model":{"type":"composite","models":[{"type":"model","model":"item/better_bows/crossbow_tipped_arrow","tints":[{"type":"constant","value":15978425}]},{"type":"model","model":"item/better_bows/crossbow_tipped_arrow_1","tints":[{"type":"constant","value":15978425}]},{"type":"model","model":"item/better_bows/crossbow_tipped_arrow_2","tints":[{"type":"constant","value":15978425}]}]}}],"fallback":{"type":"model","model":"item/better_bows/crossbow_tipped_arrow","tints":[{"type":"constant","value":15978425}]}}},{"when":[[{"components":{"intangible_projectile":{},"potion_contents":{"potion":"wind_charged"}},"id":"tipped_arrow"}],[{"components":{"intangible_projectile":{},"potion_contents":{"potion":"wind_charged"}},"id":"tipped_arrow"},{"components":{"intangible_projectile":{},"potion_contents":{"potion":"wind_charged"}},"id":"tipped_arrow"},{"components":{"intangible_projectile":{},"potion_contents":{"potion":"wind_charged"}},"id":"tipped_arrow"}]],"model":{"type":"select","property":"component","component":"enchantments","cases":[{"when":{"multishot":1},"model":{"type":"composite","models":[{"type":"model","model":"item/better_bows/crossbow_tipped_arrow","tints":[{"type":"constant","value":12438015}]},{"type":"model","model":"item/better_bows/crossbow_tipped_arrow_1","tints":[{"type":"constant","value":12438015}]},{"type":"model","model":"item/better_bows/crossbow_tipped_arrow_2","tints":[{"type":"constant","value":12438015}]}]}}],"fallback":{"type":"model","model":"item/better_bows/crossbow_tipped_arrow","tints":[{"type":"constant","value":12438015}]}}},{"when":[[{"components":{"intangible_projectile":{},"potion_contents":{"potion":"weaving"}},"id":"tipped_arrow"}],[{"components":{"intangible_projectile":{},"potion_contents":{"potion":"weaving"}},"id":"tipped_arrow"},{"components":{"intangible_projectile":{},"potion_contents":{"potion":"weaving"}},"id":"tipped_arrow"},{"components":{"intangible_projectile":{},"potion_contents":{"potion":"weaving"}},"id":"tipped_arrow"}]],"model":{"type":"select","property":"component","component":"enchantments","cases":[{"when":{"multishot":1},"model":{"type":"composite","models":[{"type":"model","model":"item/better_bows/crossbow_tipped_arrow","tints":[{"type":"constant","value":7891290}]},{"type":"model","model":"item/better_bows/crossbow_tipped_arrow_1","tints":[{"type":"constant","value":7891290}]},{"type":"model","model":"item/better_bows/crossbow_tipped_arrow_2","tints":[{"type":"constant","value":7891290}]}]}}],"fallback":{"type":"model","model":"item/better_bows/crossbow_tipped_arrow","tints":[{"type":"constant","value":7891290}]}}},{"when":[[{"components":{"intangible_projectile":{},"potion_contents":{"potion":"oozing"}},"id":"tipped_arrow"}],[{"components":{"intangible_projectile":{},"potion_contents":{"potion":"oozing"}},"id":"tipped_arrow"},{"components":{"intangible_projectile":{},"potion_contents":{"potion":"oozing"}},"id":"tipped_arrow"},{"components":{"intangible_projectile":{},"potion_contents":{"potion":"oozing"}},"id":"tipped_arrow"}]],"model":{"type":"select","property":"component","component":"enchantments","cases":[{"when":{"multishot":1},"model":{"type":"composite","models":[{"type":"model","model":"item/better_bows/crossbow_tipped_arrow","tints":[{"type":"constant","value":10092451}]},{"type":"model","model":"item/better_bows/crossbow_tipped_arrow_1","tints":[{"type":"constant","value":10092451}]},{"type":"model","model":"item/better_bows/crossbow_tipped_arrow_2","tints":[{"type":"constant","value":10092451}]}]}}],"fallback":{"type":"model","model":"item/better_bows/crossbow_tipped_arrow","tints":[{"type":"constant","value":10092451}]}}},{"when":[[{"components":{"intangible_projectile":{},"potion_contents":{"potion":"infested"}},"id":"tipped_arrow"}],[{"components":{"intangible_projectile":{},"potion_contents":{"potion":"infested"}},"id":"tipped_arrow"},{"components":{"intangible_projectile":{},"potion_contents":{"potion":"infested"}},"id":"tipped_arrow"},{"components":{"intangible_projectile":{},"potion_contents":{"potion":"infested"}},"id":"tipped_arrow"}]],"model":{"type":"select","property":"component","component":"enchantments","cases":[{"when":{"multishot":1},"model":{"type":"composite","models":[{"type":"model","model":"item/better_bows/crossbow_tipped_arrow","tints":[{"type":"constant","value":9214860}]},{"type":"model","model":"item/better_bows/crossbow_tipped_arrow_1","tints":[{"type":"constant","value":9214860}]},{"type":"model","model":"item/better_bows/crossbow_tipped_arrow_2","tints":[{"type":"constant","value":9214860}]}]}}],"fallback":{"type":"model","model":"item/better_bows/crossbow_tipped_arrow","tints":[{"type":"constant","value":9214860}]}}},{"when":[[{"components":{"intangible_projectile":{},"potion_contents":{"potion":"water"}},"id":"tipped_arrow"}],[{"components":{"intangible_projectile":{},"potion_contents":{"potion":"water"}},"id":"tipped_arrow"},{"components":{"intangible_projectile":{},"potion_contents":{"potion":"water"}},"id":"tipped_arrow"},{"components":{"intangible_projectile":{},"potion_contents":{"potion":"water"}},"id":"tipped_arrow"}]],"model":{"type":"select","property":"component","component":"enchantments","cases":[{"when":{"multishot":1},"model":{"type":"composite","models":[{"type":"model","model":"item/better_bows/crossbow_tipped_arrow","tints":[{"type":"constant","value":3694022}]},{"type":"model","model":"item/better_bows/crossbow_tipped_arrow_1","tints":[{"type":"constant","value":3694022}]},{"type":"model","model":"item/better_bows/crossbow_tipped_arrow_2","tints":[{"type":"constant","value":3694022}]}]}}],"fallback":{"type":"model","model":"item/better_bows/crossbow_tipped_arrow","tints":[{"type":"constant","value":3694022}]}}},{"when":[[{"components":{"intangible_projectile":{},"potion_contents":{"potion":"mundane"}},"id":"tipped_arrow"}],[{"components":{"intangible_projectile":{},"potion_contents":{"potion":"mundane"}},"id":"tipped_arrow"},{"components":{"intangible_projectile":{},"potion_contents":{"potion":"mundane"}},"id":"tipped_arrow"},{"components":{"intangible_projectile":{},"potion_contents":{"potion":"mundane"}},"id":"tipped_arrow"}]],"model":{"type":"select","property":"component","component":"enchantments","cases":[{"when":{"multishot":1},"model":{"type":"composite","models":[{"type":"model","model":"item/better_bows/crossbow_tipped_arrow","tints":[{"type":"constant","value":3694022}]},{"type":"model","model":"item/better_bows/crossbow_tipped_arrow_1","tints":[{"type":"constant","value":3694022}]},{"type":"model","model":"item/better_bows/crossbow_tipped_arrow_2","tints":[{"type":"constant","value":3694022}]}]}}],"fallback":{"type":"model","model":"item/better_bows/crossbow_tipped_arrow","tints":[{"type":"constant","value":3694022}]}}},{"when":[[{"components":{"intangible_projectile":{},"potion_contents":{"potion":"thick"}},"id":"tipped_arrow"}],[{"components":{"intangible_projectile":{},"potion_contents":{"potion":"thick"}},"id":"tipped_arrow"},{"components":{"intangible_projectile":{},"potion_contents":{"potion":"thick"}},"id":"tipped_arrow"},{"components":{"intangible_projectile":{},"potion_contents":{"potion":"thick"}},"id":"tipped_arrow"}]],"model":{"type":"select","property":"component","component":"enchantments","cases":[{"when":{"multishot":1},"model":{"type":"composite","models":[{"type":"model","model":"item/better_bows/crossbow_tipped_arrow","tints":[{"type":"constant","value":3694022}]},{"type":"model","model":"item/better_bows/crossbow_tipped_arrow_1","tints":[{"type":"constant","value":3694022}]},{"type":"model","model":"item/better_bows/crossbow_tipped_arrow_2","tints":[{"type":"constant","value":3694022}]}]}}],"fallback":{"type":"model","model":"item/better_bows/crossbow_tipped_arrow","tints":[{"type":"constant","value":3694022}]}}},{"when":[[{"components":{"intangible_projectile":{},"potion_contents":{"potion":"awkward"}},"id":"tipped_arrow"}],[{"components":{"intangible_projectile":{},"potion_contents":{"potion":"awkward"}},"id":"tipped_arrow"},{"components":{"intangible_projectile":{},"potion_contents":{"potion":"awkward"}},"id":"tipped_arrow"},{"components":{"intangible_projectile":{},"potion_contents":{"potion":"awkward"}},"id":"tipped_arrow"}]],"model":{"type":"select","property":"component","component":"enchantments","cases":[{"when":{"multishot":1},"model":{"type":"composite","models":[{"type":"model","model":"item/better_bows/crossbow_tipped_arrow","tints":[{"type":"constant","value":3694022}]},{"type":"model","model":"item/better_bows/crossbow_tipped_arrow_1","tints":[{"type":"constant","value":3694022}]},{"type":"model","model":"item/better_bows/crossbow_tipped_arrow_2","tints":[{"type":"constant","value":3694022}]}]}}],"fallback":{"type":"model","model":"item/better_bows/crossbow_tipped_arrow","tints":[{"type":"constant","value":3694022}]}}}],"fallback":{"type":"select","property":"component","component":"enchantments","cases":[{"when":{"multishot":1},"model":{"type":"composite","models":[{"type":"model","model":"item/better_bows/crossbow_arrow"},{"type":"model","model":"item/better_bows/crossbow_arrow_1"},{"type":"model","model":"item/better_bows/crossbow_arrow_2"}]}}],"fallback":{"type":"model","model":"item/better_bows/crossbow_arrow"}}}},{"when":"rocket","model":{"type":"select","property":"component","component":"enchantments","cases":[{"when":{"multishot":1},"model":{"type":"composite","models":[{"type":"model","model":"item/better_bows/crossbow_firework"},{"type":"model","model":"item/better_bows/crossbow_firework_1"},{"type":"model","model":"item/better_bows/crossbow_firework_2"}]}}],"fallback":{"type":"model","model":"item/better_bows/crossbow_firework"}}}],"fallback":{"type":"condition","property":"using_item","on_false":{"type":"model","model":"item/better_bows/crossbow"},"on_true":{"type":"range_dispatch","property":"crossbow/pull","entries":[{"threshold":0.58,"model":{"type":"model","model":"item/better_bows/crossbow_pulling_1"}},{"threshold":1,"model":{"type":"model","model":"item/better_bows/crossbow_pulling_2"}}],"fallback":{"type":"model","model":"item/better_bows/crossbow_pulling_0"}}}}}}